DID,Dist,PID,Dir,Apara,r,slope,cant,LW,RW
1,0,1,0,0,0,0,0,0,0
2,1.06,2,0,0,0,0,0,0,0
3,1.23,3,0,0,0,0,0,0,0
4,1.4,4,0,0,0,0,0,0,0
5,1.58,5,0,0,0,0,0,0,0
6,1.75,6,0,0,0,0,0,0,0
7,1.93,7,0,0,0,0,0,0,0
8,2.1,8,0,0,0,0,0,0,0
9,2.27,9,0,0,0,0,0,0,0
10,2.43,10,0,0,0,0,0,0,0
11,2.44,11,0,0,0,0,0,0,0
12,3.42,12,0,0,0,0,0,0,0
13,3.59,13,0,0,0,0,0,0,0
14,3.75,14,0,0,0,0,0,0,0
15,3.91,15,0,0,0,0,0,0,0
16,4.09,16,0,0,0,0,0,0,0
17,4.26,17,0,0,0,0,0,0,0
18,4.43,18,0,0,0,0,0,0,0
19,4.6,19,0,0,0,0,0,0,0
20,4.76,20,0,0,0,0,0,0,0
21,4.92,21,0,0,0,0,0,0,0
22,4.92,22,0,0,0,0,0,0,0
23,5.89,23,0,0,0,0,0,0,0
24,6.87,24,0,0,0,0,0,0,0
25,7.84,25,0,0,0,0,0,0,0
26,8.82,26,0,0,0,0,0,0,0
27,9.79,27,0,0,0,0,0,0,0
28,10.77,28,0,0,0,0,0,0,0
29,11.75,29,0,0,0,0,0,0,0
30,12.72,30,0,0,0,0,0,0,0
31,13.7,31,0,0,0,0,0,0,0
32,14.67,32,0,0,0,0,0,0,0
33,15.65,33,0,0,0,0,0,0,0
34,16.63,34,0,0,0,0,0,0,0
35,17.6,35,0,0,0,0,0,0,0
36,18.58,36,0,0,0,0,0,0,0
37,19.55,37,0,0,0,0,0,0,0
38,20.53,38,0,0,0,0,0,0,0
39,21,39,0,0,0,0,0,0,0
40,21.1,40,0,0,0,0,0,0,0
41,21.21,41,0,0,0,0,0,0,0
42,21.32,42,0,0,0,0,0,0,0
43,21.44,43,0,0,0,0,0,0,0
44,21.55,44,0,0,0,0,0,0,0
45,21.66,45,0,0,0,0,0,0,0
46,21.76,46,0,0,0,0,0,0,0
47,21.86,47,0,0,0,0,0,0,0
48,21.86,48,0,0,0,0,0,0,0
49,22.47,49,0,0,0,0,0,0,0
50,23.1,50,0,0,0,0,0,0,0
51,23.73,51,0,0,0,0,0,0,0
52,24.36,52,0,0,0,0,0,0,0
53,25,53,0,0,0,0,0,0,0
54,25.63,54,0,0,0,0,0,0,0
55,26.26,55,0,0,0,0,0,0,0
56,26.88,56,0,0,0,0,0,0,0
57,27.5,57,0,0,0,0,0,0,0
58,28.11,58,0,0,0,0,0,0,0
59,28.21,59,0,0,0,0,0,0,0
60,28.33,60,0,0,0,0,0,0,0
61,28.45,61,0,0,0,0,0,0,0
62,28.58,62,0,0,0,0,0,0,0
63,28.71,63,0,0,0,0,0,0,0
64,28.85,64,0,0,0,0,0,0,0
65,28.97,65,0,0,0,0,0,0,0
66,29.08,66,0,0,0,0,0,0,0
67,29.19,67,0,0,0,0,0,0,0
68,29.55,68,0,0,0,0,0,0,0
69,30.47,69,0,0,0,0,0,0,0
70,31.4,70,0,0,0,0,0,0,0
71,32.33,71,0,0,0,0,0,0,0
72,33.26,72,0,0,0,0,0,0,0
73,34.19,73,0,0,0,0,0,0,0
74,35.12,74,0,0,0,0,0,0,0
75,36.05,75,0,0,0,0,0,0,0
76,36.48,76,0,0,0,0,0,0,0
77,36.59,77,0,0,0,0,0,0,0
78,36.72,78,0,0,0,0,0,0,0
79,36.86,79,0,0,0,0,0,0,0
80,37,80,0,0,0,0,0,0,0
81,37.14,81,0,0,0,0,0,0,0
82,37.27,82,0,0,0,0,0,0,0
83,37.38,83,0,0,0,0,0,0,0
84,37.48,84,0,0,0,0,0,0,0
85,37.48,85,0,0,0,0,0,0,0
86,38.04,86,0,0,0,0,0,0,0
87,38.61,87,0,0,0,0,0,0,0
88,39.17,88,0,0,0,0,0,0,0
89,39.72,89,0,0,0,0,0,0,0
90,40.27,90,0,0,0,0,0,0,0
91,40.82,91,0,0,0,0,0,0,0
92,41.36,92,0,0,0,0,0,0,0
93,41.91,93,0,0,0,0,0,0,0
94,42.46,94,0,0,0,0,0,0,0
95,43.01,95,0,0,0,0,0,0,0
96,43.56,96,0,0,0,0,0,0,0
97,44.11,97,0,0,0,0,0,0,0
98,44.65,98,0,0,0,0,0,0,0
99,45.19,99,0,0,0,0,0,0,0
100,45.74,100,0,0,0,0,0,0,0
101,45.83,101,0,0,0,0,0,0,0
102,45.93,102,0,0,0,0,0,0,0
103,46.04,103,0,0,0,0,0,0,0
104,46.15,104,0,0,0,0,0,0,0
105,46.26,105,0,0,0,0,0,0,0
106,46.37,106,0,0,0,0,0,0,0
107,46.47,107,0,0,0,0,0,0,0
108,46.57,108,0,0,0,0,0,0,0
109,46.66,109,0,0,0,0,0,0,0
110,47.08,110,0,0,0,0,0,0,0
111,48.03,111,0,0,0,0,0,0,0
112,48.99,112,0,0,0,0,0,0,0
113,49.94,113,0,0,0,0,0,0,0
114,50.9,114,0,0,0,0,0,0,0
115,51.85,115,0,0,0,0,0,0,0
116,52.8,116,0,0,0,0,0,0,0
117,53.76,117,0,0,0,0,0,0,0
118,54.71,118,0,0,0,0,0,0,0
119,55.67,119,0,0,0,0,0,0,0
120,56.62,120,0,0,0,0,0,0,0
121,57.58,121,0,0,0,0,0,0,0
122,58.53,122,0,0,0,0,0,0,0
123,59.49,123,0,0,0,0,0,0,0
124,60.44,124,0,0,0,0,0,0,0
125,61.4,125,0,0,0,0,0,0,0
126,62.35,126,0,0,0,0,0,0,0
127,63.3,127,0,0,0,0,0,0,0
128,63.46,128,0,0,0,0,0,0,0
129,63.62,129,0,0,0,0,0,0,0
130,63.79,130,0,0,0,0,0,0,0
131,63.96,131,0,0,0,0,0,0,0
132,64.14,132,0,0,0,0,0,0,0
133,64.31,133,0,0,0,0,0,0,0
134,64.48,134,0,0,0,0,0,0,0
135,64.64,135,0,0,0,0,0,0,0
136,64.8,136,0,0,0,0,0,0,0
137,64.82,137,0,0,0,0,0,0,0
138,65.81,138,0,0,0,0,0,0,0
139,66.79,139,0,0,0,0,0,0,0
140,67.77,140,0,0,0,0,0,0,0
141,68.75,141,0,0,0,0,0,0,0
142,69.73,142,0,0,0,0,0,0,0
143,70.71,143,0,0,0,0,0,0,0
144,71.69,144,0,0,0,0,0,0,0
145,72.67,145,0,0,0,0,0,0,0
146,73.65,146,0,0,0,0,0,0,0
147,74.63,147,0,0,0,0,0,0,0
148,75.61,148,0,0,0,0,0,0,0
149,76.6,149,0,0,0,0,0,0,0
150,77.58,150,0,0,0,0,0,0,0
151,78.56,151,0,0,0,0,0,0,0
152,79.54,152,0,0,0,0,0,0,0
153,80.5,153,0,0,0,0,0,0,0
154,80.5,154,0,0,0,0,0,0,0
155,80.5,155,0,0,0,0,0,0,0
156,80.5,156,0,0,0,0,0,0,0
157,80.5,157,0,0,0,0,0,0,0
158,80.5,158,0,0,0,0,0,0,0
159,80.5,159,0,0,0,0,0,0,0
160,80.5,160,0,0,0,0,0,0,0
161,80.5,161,0,0,0,0,0,0,0
162,80.52,162,0,0,0,0,0,0,0
163,80.52,163,0,0,0,0,0,0,0
164,80.52,164,0,0,0,0,0,0,0
165,80.52,165,0,0,0,0,0,0,0
166,80.52,166,0,0,0,0,0,0,0
167,80.52,167,0,0,0,0,0,0,0
168,80.52,168,0,0,0,0,0,0,0
169,80.52,169,0,0,0,0,0,0,0
170,80.52,170,0,0,0,0,0,0,0
171,80.8,171,0,0,0,0,0,0,0
172,81.05,172,0,0,0,0,0,0,0
173,81.29,173,0,0,0,0,0,0,0
174,81.52,174,0,0,0,0,0,0,0
175,81.75,175,0,0,0,0,0,0,0
176,81.98,176,0,0,0,0,0,0,0
177,82.22,177,0,0,0,0,0,0,0
178,82.47,178,0,0,0,0,0,0,0
179,82.75,179,0,0,0,0,0,0,0
180,82.75,180,0,0,0,0,0,0,0
181,82.75,181,0,0,0,0,0,0,0
182,82.75,182,0,0,0,0,0,0,0
183,82.75,183,0,0,0,0,0,0,0
184,82.75,184,0,0,0,0,0,0,0
185,82.75,185,0,0,0,0,0,0,0
186,82.75,186,0,0,0,0,0,0,0
187,82.75,187,0,0,0,0,0,0,0
188,82.77,188,0,0,0,0,0,0,0
189,82.77,189,0,0,0,0,0,0,0
190,82.77,190,0,0,0,0,0,0,0
191,82.77,191,0,0,0,0,0,0,0
192,82.77,192,0,0,0,0,0,0,0
193,82.77,193,0,0,0,0,0,0,0
194,82.77,194,0,0,0,0,0,0,0
195,82.77,195,0,0,0,0,0,0,0
196,82.77,196,0,0,0,0,0,0,0
197,83.73,197,0,0,0,0,0,0,0
198,83.89,198,0,0,0,0,0,0,0
199,84.06,199,0,0,0,0,0,0,0
200,84.22,200,0,0,0,0,0,0,0
201,84.4,201,0,0,0,0,0,0,0
202,84.57,202,0,0,0,0,0,0,0
203,84.74,203,0,0,0,0,0,0,0
204,84.91,204,0,0,0,0,0,0,0
205,85.07,205,0,0,0,0,0,0,0
206,85.23,206,0,0,0,0,0,0,0
207,85.23,207,0,0,0,0,0,0,0
208,86.2,208,0,0,0,0,0,0,0
209,87.18,209,0,0,0,0,0,0,0
210,88.16,210,0,0,0,0,0,0,0
211,89.13,211,0,0,0,0,0,0,0
212,90.11,212,0,0,0,0,0,0,0
213,91.09,213,0,0,0,0,0,0,0
214,92.06,214,0,0,0,0,0,0,0
215,93.04,215,0,0,0,0,0,0,0
216,94.02,216,0,0,0,0,0,0,0
217,94.99,217,0,0,0,0,0,0,0
218,95.97,218,0,0,0,0,0,0,0
219,96.94,219,0,0,0,0,0,0,0
220,97.92,220,0,0,0,0,0,0,0
221,98.9,221,0,0,0,0,0,0,0
222,99.51,222,0,0,0,0,0,0,0
223,99.59,223,0,0,0,0,0,0,0
224,99.67,224,0,0,0,0,0,0,0
225,99.75,225,0,0,0,0,0,0,0
226,99.83,226,0,0,0,0,0,0,0
227,99.91,227,0,0,0,0,0,0,0
228,99.98,228,0,0,0,0,0,0,0
229,100.06,229,0,0,0,0,0,0,0
230,100.13,230,0,0,0,0,0,0,0
231,100.13,231,0,0,0,0,0,0,0
232,100.89,232,0,0,0,0,0,0,0
233,101.66,233,0,0,0,0,0,0,0
234,102.42,234,0,0,0,0,0,0,0
235,103.18,235,0,0,0,0,0,0,0
236,103.95,236,0,0,0,0,0,0,0
237,104.71,237,0,0,0,0,0,0,0
238,105.45,238,0,0,0,0,0,0,0
239,106.2,239,0,0,0,0,0,0,0
240,106.33,240,0,0,0,0,0,0,0
241,106.47,241,0,0,0,0,0,0,0
242,106.62,242,0,0,0,0,0,0,0
243,106.77,243,0,0,0,0,0,0,0
244,106.92,244,0,0,0,0,0,0,0
245,107.08,245,0,0,0,0,0,0,0
246,107.23,246,0,0,0,0,0,0,0
247,107.37,247,0,0,0,0,0,0,0
248,107.5,248,0,0,0,0,0,0,0
249,107.59,249,0,0,0,0,0,0,0
250,108.46,250,0,0,0,0,0,0,0
251,109.34,251,0,0,0,0,0,0,0
252,110.22,252,0,0,0,0,0,0,0
253,111.1,253,0,0,0,0,0,0,0
254,111.98,254,0,0,0,0,0,0,0
255,112.86,255,0,0,0,0,0,0,0
256,113.57,256,0,0,0,0,0,0,0
257,113.61,257,0,0,0,0,0,0,0
258,113.65,258,0,0,0,0,0,0,0
259,113.7,259,0,0,0,0,0,0,0
260,113.74,260,0,0,0,0,0,0,0
261,113.78,261,0,0,0,0,0,0,0
262,113.82,262,0,0,0,0,0,0,0
263,113.86,263,0,0,0,0,0,0,0
264,113.89,264,0,0,0,0,0,0,0
265,113.89,265,0,0,0,0,0,0,0
266,114.52,266,0,0,0,0,0,0,0
267,115.15,267,0,0,0,0,0,0,0
268,115.77,268,0,0,0,0,0,0,0
269,116.38,269,0,0,0,0,0,0,0
270,116.97,270,0,0,0,0,0,0,0
271,117.57,271,0,0,0,0,0,0,0
272,118.16,272,0,0,0,0,0,0,0
273,118.75,273,0,0,0,0,0,0,0
274,119.36,274,0,0,0,0,0,0,0
275,119.96,275,0,0,0,0,0,0,0
276,120.55,276,0,0,0,0,0,0,0
277,121.15,277,0,0,0,0,0,0,0
278,121.74,278,0,0,0,0,0,0,0
279,122.32,279,0,0,0,0,0,0,0
280,122.39,280,0,0,0,0,0,0,0
281,122.46,281,0,0,0,0,0,0,0
282,122.53,282,0,0,0,0,0,0,0
283,122.6,283,0,0,0,0,0,0,0
284,122.68,284,0,0,0,0,0,0,0
285,122.75,285,0,0,0,0,0,0,0
286,122.82,286,0,0,0,0,0,0,0
287,122.89,287,0,0,0,0,0,0,0
288,122.96,288,0,0,0,0,0,0,0
289,123.5,289,0,0,0,0,0,0,0
290,124.45,290,0,0,0,0,0,0,0
291,125.41,291,0,0,0,0,0,0,0
292,126.36,292,0,0,0,0,0,0,0
293,127.31,293,0,0,0,0,0,0,0
294,128.26,294,0,0,0,0,0,0,0
295,129.22,295,0,0,0,0,0,0,0
296,130.17,296,0,0,0,0,0,0,0
297,131.12,297,0,0,0,0,0,0,0
298,132.07,298,0,0,0,0,0,0,0
299,133.03,299,0,0,0,0,0,0,0
300,133.98,300,0,0,0,0,0,0,0
301,134.93,301,0,0,0,0,0,0,0
302,135.88,302,0,0,0,0,0,0,0
303,136.83,303,0,0,0,0,0,0,0
304,137.79,304,0,0,0,0,0,0,0
305,137.94,305,0,0,0,0,0,0,0
306,138.1,306,0,0,0,0,0,0,0
307,138.27,307,0,0,0,0,0,0,0
308,138.45,308,0,0,0,0,0,0,0
309,138.62,309,0,0,0,0,0,0,0
310,138.79,310,0,0,0,0,0,0,0
311,138.96,311,0,0,0,0,0,0,0
312,139.12,312,0,0,0,0,0,0,0
313,139.28,313,0,0,0,0,0,0,0
314,139.3,314,0,0,0,0,0,0,0
315,140.28,315,0,0,0,0,0,0,0
316,141.26,316,0,0,0,0,0,0,0
317,142.24,317,0,0,0,0,0,0,0
318,143.22,318,0,0,0,0,0,0,0
319,144.2,319,0,0,0,0,0,0,0
320,145.18,320,0,0,0,0,0,0,0
321,146.16,321,0,0,0,0,0,0,0
322,147.14,322,0,0,0,0,0,0,0
323,148.12,323,0,0,0,0,0,0,0
324,149.1,324,0,0,0,0,0,0,0
325,150.08,325,0,0,0,0,0,0,0
326,151.06,326,0,0,0,0,0,0,0
327,152.04,327,0,0,0,0,0,0,0
328,153,328,0,0,0,0,0,0,0
329,153,329,0,0,0,0,0,0,0
330,153,330,0,0,0,0,0,0,0
331,153,331,0,0,0,0,0,0,0
332,153,332,0,0,0,0,0,0,0
333,153,333,0,0,0,0,0,0,0
334,153,334,0,0,0,0,0,0,0
335,153,335,0,0,0,0,0,0,0
336,153,336,0,0,0,0,0,0,0
337,153.02,337,0,0,0,0,0,0,0
338,153.02,338,0,0,0,0,0,0,0
339,153.02,339,0,0,0,0,0,0,0
340,153.02,340,0,0,0,0,0,0,0
341,153.02,341,0,0,0,0,0,0,0
342,153.03,342,0,0,0,0,0,0,0
343,153.03,343,0,0,0,0,0,0,0
344,153.03,344,0,0,0,0,0,0,0
345,153.03,345,0,0,0,0,0,0,0
346,153.3,346,0,0,0,0,0,0,0
347,153.56,347,0,0,0,0,0,0,0
348,153.79,348,0,0,0,0,0,0,0
349,154.02,349,0,0,0,0,0,0,0
350,154.26,350,0,0,0,0,0,0,0
351,154.49,351,0,0,0,0,0,0,0
352,154.72,352,0,0,0,0,0,0,0
353,154.98,353,0,0,0,0,0,0,0
354,155.25,354,0,0,0,0,0,0,0
355,155.25,355,0,0,0,0,0,0,0
356,155.25,356,0,0,0,0,0,0,0
357,155.25,357,0,0,0,0,0,0,0
358,155.25,358,0,0,0,0,0,0,0
359,155.25,359,0,0,0,0,0,0,0
360,155.26,360,0,0,0,0,0,0,0
361,155.26,361,0,0,0,0,0,0,0
362,155.26,362,0,0,0,0,0,0,0
363,155.28,363,0,0,0,0,0,0,0
364,155.28,364,0,0,0,0,0,0,0
365,155.28,365,0,0,0,0,0,0,0
366,155.28,366,0,0,0,0,0,0,0
367,155.28,367,0,0,0,0,0,0,0
368,155.28,368,0,0,0,0,0,0,0
369,155.28,369,0,0,0,0,0,0,0
370,155.28,370,0,0,0,0,0,0,0
371,155.28,371,0,0,0,0,0,0,0
372,156.23,372,0,0,0,0,0,0,0
373,156.39,373,0,0,0,0,0,0,0
374,156.56,374,0,0,0,0,0,0,0
375,156.72,375,0,0,0,0,0,0,0
376,156.89,376,0,0,0,0,0,0,0
377,157.07,377,0,0,0,0,0,0,0
378,157.24,378,0,0,0,0,0,0,0
379,157.41,379,0,0,0,0,0,0,0
380,157.57,380,0,0,0,0,0,0,0
381,157.73,381,0,0,0,0,0,0,0
382,157.73,382,0,0,0,0,0,0,0
383,158.72,383,0,0,0,0,0,0,0
384,159.7,384,0,0,0,0,0,0,0
385,160.69,385,0,0,0,0,0,0,0
386,161.67,386,0,0,0,0,0,0,0
387,162.65,387,0,0,0,0,0,0,0
388,163.64,388,0,0,0,0,0,0,0
389,164.62,389,0,0,0,0,0,0,0
390,165.61,390,0,0,0,0,0,0,0
391,166.59,391,0,0,0,0,0,0,0
392,167.58,392,0,0,0,0,0,0,0
393,168.56,393,0,0,0,0,0,0,0
394,169.55,394,0,0,0,0,0,0,0
395,169.94,395,0,0,0,0,0,0,0
396,170.07,396,0,0,0,0,0,0,0
397,170.21,397,0,0,0,0,0,0,0
398,170.35,398,0,0,0,0,0,0,0
399,170.5,399,0,0,0,0,0,0,0
400,170.65,400,0,0,0,0,0,0,0
401,170.79,401,0,0,0,0,0,0,0
402,170.92,402,0,0,0,0,0,0,0
403,171.03,403,0,0,0,0,0,0,0
404,171.03,404,0,0,0,0,0,0,0
405,171.74,405,0,0,0,0,0,0,0
406,172.64,406,0,0,0,0,0,0,0
407,173.54,407,0,0,0,0,0,0,0
408,174.43,408,0,0,0,0,0,0,0
409,175.33,409,0,0,0,0,0,0,0
410,176.19,410,0,0,0,0,0,0,0
411,176.33,411,0,0,0,0,0,0,0
412,176.5,412,0,0,0,0,0,0,0
413,176.68,413,0,0,0,0,0,0,0
414,176.87,414,0,0,0,0,0,0,0
415,177.06,415,0,0,0,0,0,0,0
416,177.25,416,0,0,0,0,0,0,0
417,177.43,417,0,0,0,0,0,0,0
418,177.59,418,0,0,0,0,0,0,0
419,177.73,419,0,0,0,0,0,0,0
420,177.86,420,0,0,0,0,0,0,0
421,178.82,421,0,0,0,0,0,0,0
422,179.79,422,0,0,0,0,0,0,0
423,180.75,423,0,0,0,0,0,0,0
424,181.71,424,0,0,0,0,0,0,0
425,182.68,425,0,0,0,0,0,0,0
426,183.25,426,0,0,0,0,0,0,0
427,183.82,427,0,0,0,0,0,0,0
428,184.49,428,0,0,0,0,0,0,0
429,185.16,429,0,0,0,0,0,0,0
430,185.8,430,0,0,0,0,0,0,0
431,186.45,431,0,0,0,0,0,0,0
432,187.09,432,0,0,0,0,0,0,0
433,187.73,433,0,0,0,0,0,0,0
434,188.38,434,0,0,0,0,0,0,0
435,189.03,435,0,0,0,0,0,0,0
436,189.67,436,0,0,0,0,0,0,0
437,190.31,437,0,0,0,0,0,0,0
438,190.44,438,0,0,0,0,0,0,0
439,190.57,439,0,0,0,0,0,0,0
440,190.7,440,0,0,0,0,0,0,0
441,190.84,441,0,0,0,0,0,0,0
442,190.99,442,0,0,0,0,0,0,0
443,191.13,443,0,0,0,0,0,0,0
444,191.26,444,0,0,0,0,0,0,0
445,191.39,445,0,0,0,0,0,0,0
446,191.52,446,0,0,0,0,0,0,0
447,191.72,447,0,0,0,0,0,0,0
448,192.68,448,0,0,0,0,0,0,0
449,193.63,449,0,0,0,0,0,0,0
450,194.59,450,0,0,0,0,0,0,0
451,195.54,451,0,0,0,0,0,0,0
452,196.5,452,0,0,0,0,0,0,0
453,197.45,453,0,0,0,0,0,0,0
454,198.4,454,0,0,0,0,0,0,0
455,199.36,455,0,0,0,0,0,0,0
456,200.31,456,0,0,0,0,0,0,0
457,201.27,457,0,0,0,0,0,0,0
458,202.22,458,0,0,0,0,0,0,0
459,203.18,459,0,0,0,0,0,0,0
460,204.13,460,0,0,0,0,0,0,0
461,204.29,461,0,0,0,0,0,0,0
462,204.45,462,0,0,0,0,0,0,0
463,204.62,463,0,0,0,0,0,0,0
464,204.79,464,0,0,0,0,0,0,0
465,204.96,465,0,0,0,0,0,0,0
466,205.14,466,0,0,0,0,0,0,0
467,205.31,467,0,0,0,0,0,0,0
468,205.47,468,0,0,0,0,0,0,0
469,205.62,469,0,0,0,0,0,0,0
470,205.65,470,0,0,0,0,0,0,0
471,206.63,471,0,0,0,0,0,0,0
472,207.61,472,0,0,0,0,0,0,0
473,208.58,473,0,0,0,0,0,0,0
474,209.56,474,0,0,0,0,0,0,0
475,210.54,475,0,0,0,0,0,0,0
476,211.52,476,0,0,0,0,0,0,0
477,212.5,477,0,0,0,0,0,0,0
478,213.48,478,0,0,0,0,0,0,0
479,214.46,479,0,0,0,0,0,0,0
480,215.44,480,0,0,0,0,0,0,0
481,216.41,481,0,0,0,0,0,0,0
482,217.37,482,0,0,0,0,0,0,0
483,217.37,483,0,0,0,0,0,0,0
484,217.37,484,0,0,0,0,0,0,0
485,217.37,485,0,0,0,0,0,0,0
486,217.37,486,0,0,0,0,0,0,0
487,217.37,487,0,0,0,0,0,0,0
488,217.37,488,0,0,0,0,0,0,0
489,217.37,489,0,0,0,0,0,0,0
490,217.37,490,0,0,0,0,0,0,0
491,217.39,491,0,0,0,0,0,0,0
492,217.39,492,0,0,0,0,0,0,0
493,217.39,493,0,0,0,0,0,0,0
494,217.39,494,0,0,0,0,0,0,0
495,217.39,495,0,0,0,0,0,0,0
496,217.39,496,0,0,0,0,0,0,0
497,217.39,497,0,0,0,0,0,0,0
498,217.39,498,0,0,0,0,0,0,0
499,217.4,499,0,0,0,0,0,0,0
500,217.67,500,0,0,0,0,0,0,0
501,217.92,501,0,0,0,0,0,0,0
502,218.16,502,0,0,0,0,0,0,0
503,218.39,503,0,0,0,0,0,0,0
504,218.62,504,0,0,0,0,0,0,0
505,218.86,505,0,0,0,0,0,0,0
506,219.09,506,0,0,0,0,0,0,0
507,219.35,507,0,0,0,0,0,0,0
508,219.62,508,0,0,0,0,0,0,0
509,219.62,509,0,0,0,0,0,0,0
510,219.62,510,0,0,0,0,0,0,0
511,219.62,511,0,0,0,0,0,0,0
512,219.62,512,0,0,0,0,0,0,0
513,219.62,513,0,0,0,0,0,0,0
514,219.62,514,0,0,0,0,0,0,0
515,219.62,515,0,0,0,0,0,0,0
516,219.62,516,0,0,0,0,0,0,0
517,219.64,517,0,0,0,0,0,0,0
518,219.64,518,0,0,0,0,0,0,0
519,219.64,519,0,0,0,0,0,0,0
520,219.64,520,0,0,0,0,0,0,0
521,219.64,521,0,0,0,0,0,0,0
522,219.64,522,0,0,0,0,0,0,0
523,219.64,523,0,0,0,0,0,0,0
524,219.64,524,0,0,0,0,0,0,0
525,219.64,525,0,0,0,0,0,0,0
526,220.6,526,0,0,0,0,0,0,0
527,220.8,527,0,0,0,0,0,0,0
528,220.95,528,0,0,0,0,0,0,0
529,221.11,529,0,0,0,0,0,0,0
530,221.27,530,0,0,0,0,0,0,0
531,221.44,531,0,0,0,0,0,0,0
532,221.6,532,0,0,0,0,0,0,0
533,221.76,533,0,0,0,0,0,0,0
534,221.91,534,0,0,0,0,0,0,0
535,222.06,535,0,0,0,0,0,0,0
536,222.06,536,0,0,0,0,0,0,0
537,222.99,537,0,0,0,0,0,0,0
538,223.92,538,0,0,0,0,0,0,0
539,224.84,539,0,0,0,0,0,0,0
540,225.77,540,0,0,0,0,0,0,0
541,226.7,541,0,0,0,0,0,0,0
542,227.63,542,0,0,0,0,0,0,0
543,228.55,543,0,0,0,0,0,0,0
544,229.48,544,0,0,0,0,0,0,0
545,230.41,545,0,0,0,0,0,0,0
546,231.34,546,0,0,0,0,0,0,0
547,232.26,547,0,0,0,0,0,0,0
548,232.48,548,0,0,0,0,0,0,0
549,232.64,549,0,0,0,0,0,0,0
550,232.81,550,0,0,0,0,0,0,0
551,232.98,551,0,0,0,0,0,0,0
552,233.16,552,0,0,0,0,0,0,0
553,233.33,553,0,0,0,0,0,0,0
554,233.5,554,0,0,0,0,0,0,0
555,233.65,555,0,0,0,0,0,0,0
556,233.8,556,0,0,0,0,0,0,0
557,233.8,557,0,0,0,0,0,0,0
558,234.48,558,0,0,0,0,0,0,0
559,235.17,559,0,0,0,0,0,0,0
560,235.86,560,0,0,0,0,0,0,0
561,236.54,561,0,0,0,0,0,0,0
562,237.23,562,0,0,0,0,0,0,0
563,237.91,563,0,0,0,0,0,0,0
564,238.57,564,0,0,0,0,0,0,0
565,238.68,565,0,0,0,0,0,0,0
566,238.81,566,0,0,0,0,0,0,0
567,238.94,567,0,0,0,0,0,0,0
568,239.08,568,0,0,0,0,0,0,0
569,239.22,569,0,0,0,0,0,0,0
570,239.36,570,0,0,0,0,0,0,0
571,239.49,571,0,0,0,0,0,0,0
572,239.62,572,0,0,0,0,0,0,0
573,239.73,573,0,0,0,0,0,0,0
574,240.01,574,0,0,0,0,0,0,0
575,240.96,575,0,0,0,0,0,0,0
576,241.91,576,0,0,0,0,0,0,0
577,242.85,577,0,0,0,0,0,0,0
578,243.8,578,0,0,0,0,0,0,0
579,244.61,579,0,0,0,0,0,0,0
580,245.33,580,0,0,0,0,0,0,0
581,246.05,581,0,0,0,0,0,0,0
582,246.75,582,0,0,0,0,0,0,0
583,247.45,583,0,0,0,0,0,0,0
584,248.13,584,0,0,0,0,0,0,0
585,248.81,585,0,0,0,0,0,0,0
586,249.52,586,0,0,0,0,0,0,0
587,250.22,587,0,0,0,0,0,0,0
588,250.86,588,0,0,0,0,0,0,0
589,250.97,589,0,0,0,0,0,0,0
590,251.08,590,0,0,0,0,0,0,0
591,251.21,591,0,0,0,0,0,0,0
592,251.33,592,0,0,0,0,0,0,0
593,251.46,593,0,0,0,0,0,0,0
594,251.58,594,0,0,0,0,0,0,0
595,251.7,595,0,0,0,0,0,0,0
596,251.82,596,0,0,0,0,0,0,0
597,251.93,597,0,0,0,0,0,0,0
598,252.24,598,0,0,0,0,0,0,0
599,253.2,599,0,0,0,0,0,0,0
600,254.16,600,0,0,0,0,0,0,0
601,255.12,601,0,0,0,0,0,0,0
602,256.08,602,0,0,0,0,0,0,0
603,257.04,603,0,0,0,0,0,0,0
604,258,604,0,0,0,0,0,0,0
605,258.97,605,0,0,0,0,0,0,0
606,259.93,606,0,0,0,0,0,0,0
607,260.89,607,0,0,0,0,0,0,0
608,261.85,608,0,0,0,0,0,0,0
609,262.81,609,0,0,0,0,0,0,0
610,262.97,610,0,0,0,0,0,0,0
611,263.13,611,0,0,0,0,0,0,0
612,263.3,612,0,0,0,0,0,0,0
613,263.47,613,0,0,0,0,0,0,0
614,263.65,614,0,0,0,0,0,0,0
615,263.82,615,0,0,0,0,0,0,0
616,263.99,616,0,0,0,0,0,0,0
617,264.15,617,0,0,0,0,0,0,0
618,264.31,618,0,0,0,0,0,0,0
619,264.33,619,0,0,0,0,0,0,0
620,265.31,620,0,0,0,0,0,0,0
621,266.28,621,0,0,0,0,0,0,0
622,267.26,622,0,0,0,0,0,0,0
623,268.24,623,0,0,0,0,0,0,0
624,269.21,624,0,0,0,0,0,0,0
625,270.19,625,0,0,0,0,0,0,0
626,271.17,626,0,0,0,0,0,0,0
627,272.15,627,0,0,0,0,0,0,0
628,273.12,628,0,0,0,0,0,0,0
629,274.08,629,0,0,0,0,0,0,0
630,274.08,630,0,0,0,0,0,0,0
631,274.08,631,0,0,0,0,0,0,0
632,274.08,632,0,0,0,0,0,0,0
633,274.08,633,0,0,0,0,0,0,0
634,274.08,634,0,0,0,0,0,0,0
635,274.08,635,0,0,0,0,0,0,0
636,274.08,636,0,0,0,0,0,0,0
637,274.08,637,0,0,0,0,0,0,0
638,274.1,638,0,0,0,0,0,0,0
639,274.1,639,0,0,0,0,0,0,0
640,274.1,640,0,0,0,0,0,0,0
641,274.1,641,0,0,0,0,0,0,0
642,274.1,642,0,0,0,0,0,0,0
643,274.1,643,0,0,0,0,0,0,0
644,274.1,644,0,0,0,0,0,0,0
645,274.1,645,0,0,0,0,0,0,0
646,274.1,646,0,0,0,0,0,0,0
647,274.38,647,0,0,0,0,0,0,0
648,274.63,648,0,0,0,0,0,0,0
649,274.87,649,0,0,0,0,0,0,0
650,275.1,650,0,0,0,0,0,0,0
651,275.33,651,0,0,0,0,0,0,0
652,275.56,652,0,0,0,0,0,0,0
653,275.8,653,0,0,0,0,0,0,0
654,276.05,654,0,0,0,0,0,0,0
655,276.32,655,0,0,0,0,0,0,0
656,276.32,656,0,0,0,0,0,0,0
657,276.32,657,0,0,0,0,0,0,0
658,276.32,658,0,0,0,0,0,0,0
659,276.32,659,0,0,0,0,0,0,0
660,276.32,660,0,0,0,0,0,0,0
661,276.33,661,0,0,0,0,0,0,0
662,276.33,662,0,0,0,0,0,0,0
663,276.33,663,0,0,0,0,0,0,0
664,276.35,664,0,0,0,0,0,0,0
665,276.35,665,0,0,0,0,0,0,0
666,276.35,666,0,0,0,0,0,0,0
667,276.35,667,0,0,0,0,0,0,0
668,276.35,668,0,0,0,0,0,0,0
669,276.35,669,0,0,0,0,0,0,0
670,276.35,670,0,0,0,0,0,0,0
671,276.35,671,0,0,0,0,0,0,0
672,276.35,672,0,0,0,0,0,0,0
673,277.3,673,0,0,0,0,0,0,0
674,277.49,674,0,0,0,0,0,0,0
675,277.65,675,0,0,0,0,0,0,0
676,277.81,676,0,0,0,0,0,0,0
677,277.97,677,0,0,0,0,0,0,0
678,278.14,678,0,0,0,0,0,0,0
679,278.3,679,0,0,0,0,0,0,0
680,278.46,680,0,0,0,0,0,0,0
681,278.62,681,0,0,0,0,0,0,0
682,278.77,682,0,0,0,0,0,0,0
683,278.77,683,0,0,0,0,0,0,0
684,279.71,684,0,0,0,0,0,0,0
685,280.65,685,0,0,0,0,0,0,0
686,281.59,686,0,0,0,0,0,0,0
687,282.53,687,0,0,0,0,0,0,0
688,283.46,688,0,0,0,0,0,0,0
689,284.4,689,0,0,0,0,0,0,0
690,285.34,690,0,0,0,0,0,0,0
691,286.28,691,0,0,0,0,0,0,0
692,287.22,692,0,0,0,0,0,0,0
693,287.92,693,0,0,0,0,0,0,0
694,287.98,694,0,0,0,0,0,0,0
695,288.03,695,0,0,0,0,0,0,0
696,288.09,696,0,0,0,0,0,0,0
697,288.15,697,0,0,0,0,0,0,0
698,288.21,698,0,0,0,0,0,0,0
699,288.26,699,0,0,0,0,0,0,0
700,288.31,700,0,0,0,0,0,0,0
701,288.36,701,0,0,0,0,0,0,0
702,288.36,702,0,0,0,0,0,0,0
703,289.14,703,0,0,0,0,0,0,0
704,289.91,704,0,0,0,0,0,0,0
705,290.69,705,0,0,0,0,0,0,0
706,291.46,706,0,0,0,0,0,0,0
707,292.23,707,0,0,0,0,0,0,0
708,293,708,0,0,0,0,0,0,0
709,293.14,709,0,0,0,0,0,0,0
710,293.29,710,0,0,0,0,0,0,0
711,293.46,711,0,0,0,0,0,0,0
712,293.63,712,0,0,0,0,0,0,0
713,293.81,713,0,0,0,0,0,0,0
714,293.98,714,0,0,0,0,0,0,0
715,294.14,715,0,0,0,0,0,0,0
716,294.3,716,0,0,0,0,0,0,0
717,294.43,717,0,0,0,0,0,0,0
718,294.54,718,0,0,0,0,0,0,0
719,295.47,719,0,0,0,0,0,0,0
720,296.39,720,0,0,0,0,0,0,0
721,297.31,721,0,0,0,0,0,0,0
722,297.79,722,0,0,0,0,0,0,0
723,298.57,723,0,0,0,0,0,0,0
724,299.35,724,0,0,0,0,0,0,0
725,300.09,725,0,0,0,0,0,0,0
726,300.84,726,0,0,0,0,0,0,0
727,301.57,727,0,0,0,0,0,0,0
728,302.3,728,0,0,0,0,0,0,0
729,303.05,729,0,0,0,0,0,0,0
730,303.8,730,0,0,0,0,0,0,0
731,303.89,731,0,0,0,0,0,0,0
732,303.99,732,0,0,0,0,0,0,0
733,304.09,733,0,0,0,0,0,0,0
734,304.19,734,0,0,0,0,0,0,0
735,304.3,735,0,0,0,0,0,0,0
736,304.4,736,0,0,0,0,0,0,0
737,304.5,737,0,0,0,0,0,0,0
738,304.6,738,0,0,0,0,0,0,0
739,304.69,739,0,0,0,0,0,0,0
740,305.13,740,0,0,0,0,0,0,0
741,306.1,741,0,0,0,0,0,0,0
742,307.08,742,0,0,0,0,0,0,0
743,308.05,743,0,0,0,0,0,0,0
744,309.03,744,0,0,0,0,0,0,0
745,310,745,0,0,0,0,0,0,0
746,310.98,746,0,0,0,0,0,0,0
747,311.95,747,0,0,0,0,0,0,0
748,312.93,748,0,0,0,0,0,0,0
749,313.9,749,0,0,0,0,0,0,0
750,314.06,750,0,0,0,0,0,0,0
751,314.23,751,0,0,0,0,0,0,0
752,314.4,752,0,0,0,0,0,0,0
753,314.58,753,0,0,0,0,0,0,0
754,314.75,754,0,0,0,0,0,0,0
755,314.93,755,0,0,0,0,0,0,0
756,315.1,756,0,0,0,0,0,0,0
757,315.27,757,0,0,0,0,0,0,0
758,315.43,758,0,0,0,0,0,0,0
759,315.43,759,0,0,0,0,0,0,0
760,316.4,760,0,0,0,0,0,0,0
761,317.38,761,0,0,0,0,0,0,0
762,318.35,762,0,0,0,0,0,0,0
763,319.33,763,0,0,0,0,0,0,0
764,320.3,764,0,0,0,0,0,0,0
765,321.28,765,0,0,0,0,0,0,0
766,322.25,766,0,0,0,0,0,0,0
767,323.2,767,0,0,0,0,0,0,0
768,323.2,768,0,0,0,0,0,0,0
769,323.2,769,0,0,0,0,0,0,0
770,323.2,770,0,0,0,0,0,0,0
771,323.2,771,0,0,0,0,0,0,0
772,323.2,772,0,0,0,0,0,0,0
773,323.2,773,0,0,0,0,0,0,0
774,323.2,774,0,0,0,0,0,0,0
775,323.2,775,0,0,0,0,0,0,0
776,323.23,776,0,0,0,0,0,0,0
777,323.23,777,0,0,0,0,0,0,0
778,323.23,778,0,0,0,0,0,0,0
779,323.23,779,0,0,0,0,0,0,0
780,323.23,780,0,0,0,0,0,0,0
781,323.23,781,0,0,0,0,0,0,0
782,323.23,782,0,0,0,0,0,0,0
783,323.23,783,0,0,0,0,0,0,0
784,323.23,784,0,0,0,0,0,0,0
785,323.5,785,0,0,0,0,0,0,0
786,323.76,786,0,0,0,0,0,0,0
787,323.99,787,0,0,0,0,0,0,0
788,324.22,788,0,0,0,0,0,0,0
789,324.46,789,0,0,0,0,0,0,0
790,324.69,790,0,0,0,0,0,0,0
791,324.92,791,0,0,0,0,0,0,0
792,325.18,792,0,0,0,0,0,0,0
793,325.45,793,0,0,0,0,0,0,0
794,325.45,794,0,0,0,0,0,0,0
795,325.45,795,0,0,0,0,0,0,0
796,325.45,796,0,0,0,0,0,0,0
797,325.45,797,0,0,0,0,0,0,0
798,325.45,798,0,0,0,0,0,0,0
799,325.45,799,0,0,0,0,0,0,0
800,325.45,800,0,0,0,0,0,0,0
801,325.45,801,0,0,0,0,0,0,0
802,325.48,802,0,0,0,0,0,0,0
803,325.48,803,0,0,0,0,0,0,0
804,325.48,804,0,0,0,0,0,0,0
805,325.48,805,0,0,0,0,0,0,0
806,325.48,806,0,0,0,0,0,0,0
807,325.48,807,0,0,0,0,0,0,0
808,325.48,808,0,0,0,0,0,0,0
809,325.48,809,0,0,0,0,0,0,0
810,325.48,810,0,0,0,0,0,0,0
811,326.42,811,0,0,0,0,0,0,0
812,326.59,812,0,0,0,0,0,0,0
813,326.75,813,0,0,0,0,0,0,0
814,326.91,814,0,0,0,0,0,0,0
815,327.08,815,0,0,0,0,0,0,0
816,327.25,816,0,0,0,0,0,0,0
817,327.42,817,0,0,0,0,0,0,0
818,327.59,818,0,0,0,0,0,0,0
819,327.75,819,0,0,0,0,0,0,0
820,327.9,820,0,0,0,0,0,0,0
821,327.9,821,0,0,0,0,0,0,0
822,328.87,822,0,0,0,0,0,0,0
823,329.84,823,0,0,0,0,0,0,0
824,330.8,824,0,0,0,0,0,0,0
825,331.77,825,0,0,0,0,0,0,0
826,332.73,826,0,0,0,0,0,0,0
827,333.7,827,0,0,0,0,0,0,0
828,334.67,828,0,0,0,0,0,0,0
829,335,829,0,0,0,0,0,0,0
830,335.15,830,0,0,0,0,0,0,0
831,335.31,831,0,0,0,0,0,0,0
832,335.47,832,0,0,0,0,0,0,0
833,335.65,833,0,0,0,0,0,0,0
834,335.82,834,0,0,0,0,0,0,0
835,335.98,835,0,0,0,0,0,0,0
836,336.12,836,0,0,0,0,0,0,0
837,336.25,837,0,0,0,0,0,0,0
838,336.25,838,0,0,0,0,0,0,0
839,337,839,0,0,0,0,0,0,0
840,337.76,840,0,0,0,0,0,0,0
841,338.62,841,0,0,0,0,0,0,0
842,339.48,842,0,0,0,0,0,0,0
843,340.34,843,0,0,0,0,0,0,0
844,340.39,844,0,0,0,0,0,0,0
845,340.45,845,0,0,0,0,0,0,0
846,340.51,846,0,0,0,0,0,0,0
847,340.58,847,0,0,0,0,0,0,0
848,340.64,848,0,0,0,0,0,0,0
849,340.71,849,0,0,0,0,0,0,0
850,340.77,850,0,0,0,0,0,0,0
851,340.83,851,0,0,0,0,0,0,0
852,340.88,852,0,0,0,0,0,0,0
853,341.46,853,0,0,0,0,0,0,0
854,342.35,854,0,0,0,0,0,0,0
855,343.24,855,0,0,0,0,0,0,0
856,343.38,856,0,0,0,0,0,0,0
857,344.21,857,0,0,0,0,0,0,0
858,345.05,858,0,0,0,0,0,0,0
859,345.84,859,0,0,0,0,0,0,0
860,346.64,860,0,0,0,0,0,0,0
861,347.42,861,0,0,0,0,0,0,0
862,348.19,862,0,0,0,0,0,0,0
863,348.88,863,0,0,0,0,0,0,0
864,349,864,0,0,0,0,0,0,0
865,349.12,865,0,0,0,0,0,0,0
866,349.26,866,0,0,0,0,0,0,0
867,349.4,867,0,0,0,0,0,0,0
868,349.54,868,0,0,0,0,0,0,0
869,349.68,869,0,0,0,0,0,0,0
870,349.81,870,0,0,0,0,0,0,0
871,349.94,871,0,0,0,0,0,0,0
872,350.05,872,0,0,0,0,0,0,0
873,350.36,873,0,0,0,0,0,0,0
874,351.36,874,0,0,0,0,0,0,0
875,352.36,875,0,0,0,0,0,0,0
876,353.36,876,0,0,0,0,0,0,0
877,354.36,877,0,0,0,0,0,0,0
878,355.35,878,0,0,0,0,0,0,0
879,356.35,879,0,0,0,0,0,0,0
880,357.35,880,0,0,0,0,0,0,0
881,357.54,881,0,0,0,0,0,0,0
882,357.7,882,0,0,0,0,0,0,0
883,357.87,883,0,0,0,0,0,0,0
884,358.05,884,0,0,0,0,0,0,0
885,358.23,885,0,0,0,0,0,0,0
886,358.4,886,0,0,0,0,0,0,0
887,358.57,887,0,0,0,0,0,0,0
888,358.74,888,0,0,0,0,0,0,0
889,358.9,889,0,0,0,0,0,0,0
890,358.9,890,0,0,0,0,0,0,0
891,359.87,891,0,0,0,0,0,0,0
892,360.84,892,0,0,0,0,0,0,0
893,361.82,893,0,0,0,0,0,0,0
894,362.79,894,0,0,0,0,0,0,0
895,363.76,895,0,0,0,0,0,0,0
896,364.71,896,0,0,0,0,0,0,0
897,364.71,897,0,0,0,0,0,0,0
898,364.71,898,0,0,0,0,0,0,0
899,364.71,899,0,0,0,0,0,0,0
900,364.71,900,0,0,0,0,0,0,0
901,364.71,901,0,0,0,0,0,0,0
902,364.71,902,0,0,0,0,0,0,0
903,364.71,903,0,0,0,0,0,0,0
904,364.71,904,0,0,0,0,0,0,0
905,364.73,905,0,0,0,0,0,0,0
906,364.73,906,0,0,0,0,0,0,0
907,364.73,907,0,0,0,0,0,0,0
908,364.74,908,0,0,0,0,0,0,0
909,364.74,909,0,0,0,0,0,0,0
910,364.74,910,0,0,0,0,0,0,0
911,364.74,911,0,0,0,0,0,0,0
912,364.74,912,0,0,0,0,0,0,0
913,364.74,913,0,0,0,0,0,0,0
914,365.01,914,0,0,0,0,0,0,0
915,365.26,915,0,0,0,0,0,0,0
916,365.5,916,0,0,0,0,0,0,0
917,365.73,917,0,0,0,0,0,0,0
918,365.96,918,0,0,0,0,0,0,0
919,366.19,919,0,0,0,0,0,0,0
920,366.43,920,0,0,0,0,0,0,0
921,366.68,921,0,0,0,0,0,0,0
922,366.95,922,0,0,0,0,0,0,0
923,366.95,923,0,0,0,0,0,0,0
924,366.95,924,0,0,0,0,0,0,0
925,366.95,925,0,0,0,0,0,0,0
926,366.95,926,0,0,0,0,0,0,0
927,366.95,927,0,0,0,0,0,0,0
928,366.95,928,0,0,0,0,0,0,0
929,366.95,929,0,0,0,0,0,0,0
930,366.95,930,0,0,0,0,0,0,0
931,366.98,931,0,0,0,0,0,0,0
932,366.98,932,0,0,0,0,0,0,0
933,366.98,933,0,0,0,0,0,0,0
934,366.98,934,0,0,0,0,0,0,0
935,366.98,935,0,0,0,0,0,0,0
936,366.98,936,0,0,0,0,0,0,0
937,366.98,937,0,0,0,0,0,0,0
938,366.98,938,0,0,0,0,0,0,0
939,366.98,939,0,0,0,0,0,0,0
940,367.92,940,0,0,0,0,0,0,0
941,368.14,941,0,0,0,0,0,0,0
942,368.29,942,0,0,0,0,0,0,0
943,368.44,943,0,0,0,0,0,0,0
944,368.6,944,0,0,0,0,0,0,0
945,368.76,945,0,0,0,0,0,0,0
946,368.91,946,0,0,0,0,0,0,0
947,369.07,947,0,0,0,0,0,0,0
948,369.21,948,0,0,0,0,0,0,0
949,369.36,949,0,0,0,0,0,0,0
950,369.36,950,0,0,0,0,0,0,0
951,370.25,951,0,0,0,0,0,0,0
952,371.15,952,0,0,0,0,0,0,0
953,372.04,953,0,0,0,0,0,0,0
954,372.93,954,0,0,0,0,0,0,0
955,373.83,955,0,0,0,0,0,0,0
956,374.72,956,0,0,0,0,0,0,0
957,374.87,957,0,0,0,0,0,0,0
958,375.04,958,0,0,0,0,0,0,0
959,375.23,959,0,0,0,0,0,0,0
960,375.43,960,0,0,0,0,0,0,0
961,375.63,961,0,0,0,0,0,0,0
962,375.83,962,0,0,0,0,0,0,0
963,376.02,963,0,0,0,0,0,0,0
964,376.19,964,0,0,0,0,0,0,0
965,376.34,965,0,0,0,0,0,0,0
966,376.39,966,0,0,0,0,0,0,0
967,377.33,967,0,0,0,0,0,0,0
968,378.2,968,0,0,0,0,0,0,0
969,379.07,969,0,0,0,0,0,0,0
970,379.21,970,0,0,0,0,0,0,0
971,379.38,971,0,0,0,0,0,0,0
972,379.57,972,0,0,0,0,0,0,0
973,379.77,973,0,0,0,0,0,0,0
974,379.98,974,0,0,0,0,0,0,0
975,380.18,975,0,0,0,0,0,0,0
976,380.37,976,0,0,0,0,0,0,0
977,380.53,977,0,0,0,0,0,0,0
978,380.68,978,0,0,0,0,0,0,0
979,380.68,979,0,0,0,0,0,0,0
980,381.55,980,0,0,0,0,0,0,0
981,382.33,981,0,0,0,0,0,0,0
982,383.11,982,0,0,0,0,0,0,0
983,383.95,983,0,0,0,0,0,0,0
984,384.8,984,0,0,0,0,0,0,0
985,385.62,985,0,0,0,0,0,0,0
986,386.44,986,0,0,0,0,0,0,0
987,386.56,987,0,0,0,0,0,0,0
988,386.68,988,0,0,0,0,0,0,0
989,386.82,989,0,0,0,0,0,0,0
990,386.96,990,0,0,0,0,0,0,0
991,387.11,991,0,0,0,0,0,0,0
992,387.25,992,0,0,0,0,0,0,0
993,387.39,993,0,0,0,0,0,0,0
994,387.51,994,0,0,0,0,0,0,0
995,387.63,995,0,0,0,0,0,0,0
996,387.84,996,0,0,0,0,0,0,0
997,388.76,997,0,0,0,0,0,0,0
998,389.67,998,0,0,0,0,0,0,0
999,390.58,999,0,0,0,0,0,0,0
1000,391.5,1000,0,0,0,0,0,0,0
1001,392.41,1001,0,0,0,0,0,0,0
1002,393.32,1002,0,0,0,0,0,0,0
1003,393.47,1003,0,0,0,0,0,0,0
1004,393.63,1004,0,0,0,0,0,0,0
1005,393.79,1005,0,0,0,0,0,0,0
1006,393.96,1006,0,0,0,0,0,0,0
1007,394.12,1007,0,0,0,0,0,0,0
1008,394.29,1008,0,0,0,0,0,0,0
1009,394.45,1009,0,0,0,0,0,0,0
1010,394.61,1010,0,0,0,0,0,0,0
1011,394.75,1011,0,0,0,0,0,0,0
1012,394.81,1012,0,0,0,0,0,0,0
1013,395.78,1013,0,0,0,0,0,0,0
1014,396.75,1014,0,0,0,0,0,0,0
1015,397.72,1015,0,0,0,0,0,0,0
1016,398.65,1016,0,0,0,0,0,0,0
1017,398.65,1017,0,0,0,0,0,0,0
1018,398.65,1018,0,0,0,0,0,0,0
1019,398.65,1019,0,0,0,0,0,0,0
1020,398.65,1020,0,0,0,0,0,0,0
1021,398.65,1021,0,0,0,0,0,0,0
1022,398.65,1022,0,0,0,0,0,0,0
1023,398.65,1023,0,0,0,0,0,0,0
1024,398.65,1024,0,0,0,0,0,0,0
1025,398.68,1025,0,0,0,0,0,0,0
1026,398.69,1026,0,0,0,0,0,0,0
1027,398.69,1027,0,0,0,0,0,0,0
1028,398.69,1028,0,0,0,0,0,0,0
1029,398.69,1029,0,0,0,0,0,0,0
1030,398.69,1030,0,0,0,0,0,0,0
1031,398.69,1031,0,0,0,0,0,0,0
1032,398.69,1032,0,0,0,0,0,0,0
1033,398.69,1033,0,0,0,0,0,0,0
1034,398.95,1034,0,0,0,0,0,0,0
1035,399.21,1035,0,0,0,0,0,0,0
1036,399.44,1036,0,0,0,0,0,0,0
1037,399.68,1037,0,0,0,0,0,0,0
1038,399.91,1038,0,0,0,0,0,0,0
1039,400.14,1039,0,0,0,0,0,0,0
1040,400.38,1040,0,0,0,0,0,0,0
1041,400.63,1041,0,0,0,0,0,0,0
1042,400.89,1042,0,0,0,0,0,0,0
1043,400.89,1043,0,0,0,0,0,0,0
1044,400.89,1044,0,0,0,0,0,0,0
1045,400.89,1045,0,0,0,0,0,0,0
1046,400.89,1046,0,0,0,0,0,0,0
1047,400.89,1047,0,0,0,0,0,0,0
1048,400.9,1048,0,0,0,0,0,0,0
1049,400.9,1049,0,0,0,0,0,0,0
1050,400.9,1050,0,0,0,0,0,0,0
1051,400.93,1051,0,0,0,0,0,0,0
1052,400.93,1052,0,0,0,0,0,0,0
1053,400.93,1053,0,0,0,0,0,0,0
1054,400.93,1054,0,0,0,0,0,0,0
1055,400.93,1055,0,0,0,0,0,0,0
1056,400.93,1056,0,0,0,0,0,0,0
1057,400.93,1057,0,0,0,0,0,0,0
1058,400.93,1058,0,0,0,0,0,0,0
1059,400.93,1059,0,0,0,0,0,0,0
1060,401.86,1060,0,0,0,0,0,0,0
1061,402.04,1061,0,0,0,0,0,0,0
1062,402.2,1062,0,0,0,0,0,0,0
1063,402.36,1063,0,0,0,0,0,0,0
1064,402.52,1064,0,0,0,0,0,0,0
1065,402.68,1065,0,0,0,0,0,0,0
1066,402.85,1066,0,0,0,0,0,0,0
1067,403.01,1067,0,0,0,0,0,0,0
1068,403.16,1068,0,0,0,0,0,0,0
1069,403.31,1069,0,0,0,0,0,0,0
1070,403.31,1070,0,0,0,0,0,0,0
1071,404.25,1071,0,0,0,0,0,0,0
1072,405.18,1072,0,0,0,0,0,0,0
1073,406.11,1073,0,0,0,0,0,0,0
1074,407.05,1074,0,0,0,0,0,0,0
1075,407.36,1075,0,0,0,0,0,0,0
1076,407.5,1076,0,0,0,0,0,0,0
1077,407.66,1077,0,0,0,0,0,0,0
1078,407.83,1078,0,0,0,0,0,0,0
1079,408,1079,0,0,0,0,0,0,0
1080,408.17,1080,0,0,0,0,0,0,0
1081,408.32,1081,0,0,0,0,0,0,0
1082,408.47,1082,0,0,0,0,0,0,0
1083,408.59,1083,0,0,0,0,0,0,0
1084,408.59,1084,0,0,0,0,0,0,0
1085,409.34,1085,0,0,0,0,0,0,0
1086,410.1,1086,0,0,0,0,0,0,0
1087,410.86,1087,0,0,0,0,0,0,0
1088,410.98,1088,0,0,0,0,0,0,0
1089,411.13,1089,0,0,0,0,0,0,0
1090,411.29,1090,0,0,0,0,0,0,0
1091,411.47,1091,0,0,0,0,0,0,0
1092,411.65,1092,0,0,0,0,0,0,0
1093,411.82,1093,0,0,0,0,0,0,0
1094,411.99,1094,0,0,0,0,0,0,0
1095,412.13,1095,0,0,0,0,0,0,0
1096,412.26,1096,0,0,0,0,0,0,0
1097,412.45,1097,0,0,0,0,0,0,0
1098,413.09,1098,0,0,0,0,0,0,0
1099,413.73,1099,0,0,0,0,0,0,0
1100,414.62,1100,0,0,0,0,0,0,0
1101,415.52,1101,0,0,0,0,0,0,0
1102,416.39,1102,0,0,0,0,0,0,0
1103,416.53,1103,0,0,0,0,0,0,0
1104,416.69,1104,0,0,0,0,0,0,0
1105,416.87,1105,0,0,0,0,0,0,0
1106,417.05,1106,0,0,0,0,0,0,0
1107,417.24,1107,0,0,0,0,0,0,0
1108,417.42,1108,0,0,0,0,0,0,0
1109,417.6,1109,0,0,0,0,0,0,0
1110,417.76,1110,0,0,0,0,0,0,0
1111,417.9,1111,0,0,0,0,0,0,0
1112,417.98,1112,0,0,0,0,0,0,0
1113,418.92,1113,0,0,0,0,0,0,0
1114,419.86,1114,0,0,0,0,0,0,0
1115,420.8,1115,0,0,0,0,0,0,0
1116,421.74,1116,0,0,0,0,0,0,0
1117,421.89,1117,0,0,0,0,0,0,0
1118,422.05,1118,0,0,0,0,0,0,0
1119,422.22,1119,0,0,0,0,0,0,0
1120,422.39,1120,0,0,0,0,0,0,0
1121,422.56,1121,0,0,0,0,0,0,0
1122,422.73,1122,0,0,0,0,0,0,0
1123,422.89,1123,0,0,0,0,0,0,0
1124,423.05,1124,0,0,0,0,0,0,0
1125,423.21,1125,0,0,0,0,0,0,0
1126,423.23,1126,0,0,0,0,0,0,0
1127,424.19,1127,0,0,0,0,0,0,0
1128,425.12,1128,0,0,0,0,0,0,0
1129,425.12,1129,0,0,0,0,0,0,0
1130,425.12,1130,0,0,0,0,0,0,0
1131,425.12,1131,0,0,0,0,0,0,0
1132,425.12,1132,0,0,0,0,0,0,0
1133,425.12,1133,0,0,0,0,0,0,0
1134,425.12,1134,0,0,0,0,0,0,0
1135,425.12,1135,0,0,0,0,0,0,0
1136,425.12,1136,0,0,0,0,0,0,0
1137,425.16,1137,0,0,0,0,0,0,0
1138,425.16,1138,0,0,0,0,0,0,0
1139,425.16,1139,0,0,0,0,0,0,0
1140,425.16,1140,0,0,0,0,0,0,0
1141,425.16,1141,0,0,0,0,0,0,0
1142,425.16,1142,0,0,0,0,0,0,0
1143,425.16,1143,0,0,0,0,0,0,0
1144,425.16,1144,0,0,0,0,0,0,0
1145,425.16,1145,0,0,0,0,0,0,0
1146,425.42,1146,0,0,0,0,0,0,0
1147,425.68,1147,0,0,0,0,0,0,0
1148,425.91,1148,0,0,0,0,0,0,0
1149,426.15,1149,0,0,0,0,0,0,0
1150,426.38,1150,0,0,0,0,0,0,0
1151,426.61,1151,0,0,0,0,0,0,0
1152,426.85,1152,0,0,0,0,0,0,0
1153,427.1,1153,0,0,0,0,0,0,0
1154,427.35,1154,0,0,0,0,0,0,0
1155,427.36,1155,0,0,0,0,0,0,0
1156,427.36,1156,0,0,0,0,0,0,0
1157,427.36,1157,0,0,0,0,0,0,0
1158,427.36,1158,0,0,0,0,0,0,0
1159,427.36,1159,0,0,0,0,0,0,0
1160,427.36,1160,0,0,0,0,0,0,0
1161,427.36,1161,0,0,0,0,0,0,0
1162,427.36,1162,0,0,0,0,0,0,0
1163,427.41,1163,0,0,0,0,0,0,0
1164,427.41,1164,0,0,0,0,0,0,0
1165,427.41,1165,0,0,0,0,0,0,0
1166,427.41,1166,0,0,0,0,0,0,0
1167,427.41,1167,0,0,0,0,0,0,0
1168,427.41,1168,0,0,0,0,0,0,0
1169,427.41,1169,0,0,0,0,0,0,0
1170,427.41,1170,0,0,0,0,0,0,0
1171,427.41,1171,0,0,0,0,0,0,0
1172,428.32,1172,0,0,0,0,0,0,0
1173,428.59,1173,0,0,0,0,0,0,0
1174,428.72,1174,0,0,0,0,0,0,0
1175,428.86,1175,0,0,0,0,0,0,0
1176,429.01,1176,0,0,0,0,0,0,0
1177,429.15,1177,0,0,0,0,0,0,0
1178,429.29,1178,0,0,0,0,0,0,0
1179,429.43,1179,0,0,0,0,0,0,0
1180,429.56,1180,0,0,0,0,0,0,0
1181,429.7,1181,0,0,0,0,0,0,0
1182,429.7,1182,0,0,0,0,0,0,0
1183,430.51,1183,0,0,0,0,0,0,0
1184,431.32,1184,0,0,0,0,0,0,0
1185,432.13,1185,0,0,0,0,0,0,0
1186,432.48,1186,0,0,0,0,0,0,0
1187,432.58,1187,0,0,0,0,0,0,0
1188,432.7,1188,0,0,0,0,0,0,0
1189,432.83,1189,0,0,0,0,0,0,0
1190,432.95,1190,0,0,0,0,0,0,0
1191,433.08,1191,0,0,0,0,0,0,0
1192,433.19,1192,0,0,0,0,0,0,0
1193,433.3,1193,0,0,0,0,0,0,0
1194,433.39,1194,0,0,0,0,0,0,0
1195,433.39,1195,0,0,0,0,0,0,0
1196,433.94,1196,0,0,0,0,0,0,0
1197,434.92,1197,0,0,0,0,0,0,0
1198,435.76,1198,0,0,0,0,0,0,0
1199,435.79,1199,0,0,0,0,0,0,0
1200,435.83,1200,0,0,0,0,0,0,0
1201,435.86,1201,0,0,0,0,0,0,0
1202,435.9,1202,0,0,0,0,0,0,0
1203,435.93,1203,0,0,0,0,0,0,0
1204,435.96,1204,0,0,0,0,0,0,0
1205,435.99,1205,0,0,0,0,0,0,0
1206,436.02,1206,0,0,0,0,0,0,0
1207,436.02,1207,0,0,0,0,0,0,0
1208,436.52,1208,0,0,0,0,0,0,0
1209,437.03,1209,0,0,0,0,0,0,0
1210,437.97,1210,0,0,0,0,0,0,0
1211,438.92,1211,0,0,0,0,0,0,0
1212,439.49,1212,0,0,0,0,0,0,0
1213,439.59,1213,0,0,0,0,0,0,0
1214,439.7,1214,0,0,0,0,0,0,0
1215,439.81,1215,0,0,0,0,0,0,0
1216,439.93,1216,0,0,0,0,0,0,0
1217,440.06,1217,0,0,0,0,0,0,0
1218,440.18,1218,0,0,0,0,0,0,0
1219,440.29,1219,0,0,0,0,0,0,0
1220,440.4,1220,0,0,0,0,0,0,0
1221,440.5,1221,0,0,0,0,0,0,0
1222,440.72,1222,0,0,0,0,0,0,0
1223,441.53,1223,0,0,0,0,0,0,0
1224,442.33,1224,0,0,0,0,0,0,0
1225,443.14,1225,0,0,0,0,0,0,0
1226,443.27,1226,0,0,0,0,0,0,0
1227,443.4,1227,0,0,0,0,0,0,0
1228,443.55,1228,0,0,0,0,0,0,0
1229,443.69,1229,0,0,0,0,0,0,0
1230,443.84,1230,0,0,0,0,0,0,0
1231,443.98,1231,0,0,0,0,0,0,0
1232,444.13,1232,0,0,0,0,0,0,0
1233,444.26,1233,0,0,0,0,0,0,0
1234,444.39,1234,0,0,0,0,0,0,0
1235,444.5,1235,0,0,0,0,0,0,0
1236,444.5,1236,0,0,0,0,0,0,0
1237,444.5,1237,0,0,0,0,0,0,0
1238,444.5,1238,0,0,0,0,0,0,0
1239,444.5,1239,0,0,0,0,0,0,0
1240,444.5,1240,0,0,0,0,0,0,0
1241,444.5,1241,0,0,0,0,0,0,0
1242,444.5,1242,0,0,0,0,0,0,0
1243,444.5,1243,0,0,0,0,0,0,0
1244,444.54,1244,0,0,0,0,0,0,0
1245,444.54,1245,0,0,0,0,0,0,0
1246,444.54,1246,0,0,0,0,0,0,0
1247,444.55,1247,0,0,0,0,0,0,0
1248,444.55,1248,0,0,0,0,0,0,0
1249,444.55,1249,0,0,0,0,0,0,0
1250,444.55,1250,0,0,0,0,0,0,0
1251,444.55,1251,0,0,0,0,0,0,0
1252,444.55,1252,0,0,0,0,0,0,0
1253,444.8,1253,0,0,0,0,0,0,0
1254,445.06,1254,0,0,0,0,0,0,0
1255,445.3,1255,0,0,0,0,0,0,0
1256,445.53,1256,0,0,0,0,0,0,0
1257,445.77,1257,0,0,0,0,0,0,0
1258,446,1258,0,0,0,0,0,0,0
1259,446.24,1259,0,0,0,0,0,0,0
1260,446.5,1260,0,0,0,0,0,0,0
1261,446.73,1261,0,0,0,0,0,0,0
1262,446.73,1262,0,0,0,0,0,0,0
1263,446.73,1263,0,0,0,0,0,0,0
1264,446.73,1264,0,0,0,0,0,0,0
1265,446.74,1265,0,0,0,0,0,0,0
1266,446.74,1266,0,0,0,0,0,0,0
1267,446.74,1267,0,0,0,0,0,0,0
1268,446.74,1268,0,0,0,0,0,0,0
1269,446.74,1269,0,0,0,0,0,0,0
1270,446.81,1270,0,0,0,0,0,0,0
1271,446.81,1271,0,0,0,0,0,0,0
1272,446.81,1272,0,0,0,0,0,0,0
1273,446.81,1273,0,0,0,0,0,0,0
1274,446.81,1274,0,0,0,0,0,0,0
1275,446.81,1275,0,0,0,0,0,0,0
1276,446.81,1276,0,0,0,0,0,0,0
1277,446.81,1277,0,0,0,0,0,0,0
1278,446.81,1278,0,0,0,0,0,0,0
1279,447.68,1279,0,0,0,0,0,0,0
1280,447.91,1280,0,0,0,0,0,0,0
1281,448.05,1281,0,0,0,0,0,0,0
1282,448.19,1282,0,0,0,0,0,0,0
1283,448.34,1283,0,0,0,0,0,0,0
1284,448.49,1284,0,0,0,0,0,0,0
1285,448.63,1285,0,0,0,0,0,0,0
1286,448.78,1286,0,0,0,0,0,0,0
1287,448.92,1287,0,0,0,0,0,0,0
1288,449.05,1288,0,0,0,0,0,0,0
1289,449.05,1289,0,0,0,0,0,0,0
1290,449.89,1290,0,0,0,0,0,0,0
1291,450.12,1291,0,0,0,0,0,0,0
1292,450.26,1292,0,0,0,0,0,0,0
1293,450.41,1293,0,0,0,0,0,0,0
1294,450.58,1294,0,0,0,0,0,0,0
1295,450.74,1295,0,0,0,0,0,0,0
1296,450.9,1296,0,0,0,0,0,0,0
1297,451.05,1297,0,0,0,0,0,0,0
1298,451.19,1298,0,0,0,0,0,0,0
1299,451.31,1299,0,0,0,0,0,0,0
1300,451.31,1300,0,0,0,0,0,0,0
1301,451.93,1301,0,0,0,0,0,0,0
1302,452.34,1302,0,0,0,0,0,0,0
1303,452.38,1303,0,0,0,0,0,0,0
1304,452.42,1304,0,0,0,0,0,0,0
1305,452.47,1305,0,0,0,0,0,0,0
1306,452.51,1306,0,0,0,0,0,0,0
1307,452.56,1307,0,0,0,0,0,0,0
1308,452.6,1308,0,0,0,0,0,0,0
1309,452.64,1309,0,0,0,0,0,0,0
1310,452.68,1310,0,0,0,0,0,0,0
1311,452.68,1311,0,0,0,0,0,0,0
1312,453.68,1312,0,0,0,0,0,0,0
1313,454.67,1313,0,0,0,0,0,0,0
1314,454.76,1314,0,0,0,0,0,0,0
1315,454.86,1315,0,0,0,0,0,0,0
1316,454.97,1316,0,0,0,0,0,0,0
1317,455.08,1317,0,0,0,0,0,0,0
1318,455.2,1318,0,0,0,0,0,0,0
1319,455.31,1319,0,0,0,0,0,0,0
1320,455.42,1320,0,0,0,0,0,0,0
1321,455.52,1321,0,0,0,0,0,0,0
1322,455.61,1322,0,0,0,0,0,0,0
1323,455.87,1323,0,0,0,0,0,0,0
1324,456.68,1324,0,0,0,0,0,0,0
