DID,Dist,PID,Dir,Apara,r,slope,cant,LW,RW
1,0,1,0,0,0,0,0,0,0
2,1,2,0,0,0,0,0,0,0
3,2,3,0,0,0,0,0,0,0
4,2.99,4,0,0,0,0,0,0,0
5,3.99,5,0,0,0,0,0,0,0
6,4.99,6,0,0,0,0,0,0,0
7,6,7,0,0,0,0,0,0,0
8,7,8,0,0,0,0,0,0,0
9,8,9,0,0,0,0,0,0,0
10,9,10,0,0,0,0,0,0,0
11,10,11,0,0,0,0,0,0,0
12,11,12,0,0,0,0,0,0,0
13,12,13,0,0,0,0,0,0,0
14,13,14,0,0,0,0,0,0,0
15,14,15,0,0,0,0,0,0,0
16,15,16,0,0,0,0,0,0,0
17,16,17,0,0,0,0,0,0,0
18,17,18,0,0,0,0,0,0,0
19,17.99,19,0,0,0,0,0,0,0
20,19,20,0,0,0,0,0,0,0
21,20,21,0,0,0,0,0,0,0
22,21,22,0,0,0,0,0,0,0
23,22,23,0,0,0,0,0,0,0
24,23,24,0,0,0,0,0,0,0
25,24,25,0,0,0,0,0,0,0
26,25,26,0,0,0,0,0,0,0
27,26,27,0,0,0,0,0,0,0
28,27,28,0,0,0,0,0,0,0
29,28,29,0,0,0,0,0,0,0
30,29,30,0,0,0,0,0,0,0
31,30,31,0,0,0,0,0,0,0
32,31,32,0,0,0,0,0,0,0
33,31.99,33,0,0,0,0,0,0,0
34,33,34,0,0,0,0,0,0,0
35,34,35,0,0,0,0,0,0,0
36,35,36,0,0,0,0,0,0,0
37,36,37,0,0,0,0,0,0,0
38,37,38,0,0,0,0,0,0,0
39,38,39,0,0,0,0,0,0,0
40,39,40,0,0,0,0,0,0,0
41,40,41,0,0,0,0,0,0,0
42,41,42,0,0,0,0,0,0,0
43,42,43,0,0,0,0,0,0,0
44,43,44,0,0,0,0,0,0,0
45,44,45,0,0,0,0,0,0,0
46,45,46,0,0,0,0,0,0,0
47,46,47,0,0,0,0,0,0,0
48,47,48,0,0,0,0,0,0,0
49,48,49,0,0,0,0,0,0,0
50,49,50,0,0,0,0,0,0,0
51,50,51,0,0,0,0,0,0,0
52,50.99,52,0,0,0,0,0,0,0
53,51.99,53,0,0,0,0,0,0,0
54,53,54,0,0,0,0,0,0,0
55,54,55,0,0,0,0,0,0,0
56,55,56,0,0,0,0,0,0,0
57,56,57,0,0,0,0,0,0,0
58,57,58,0,0,0,0,0,0,0
59,58,59,0,0,0,0,0,0,0
60,59,60,0,0,0,0,0,0,0
61,60.01,61,0,0,0,0,0,0,0
62,61,62,0,0,0,0,0,0,0
63,62,63,0,0,0,0,0,0,0
64,63,64,0,0,0,0,0,0,0
65,64,65,0,0,0,0,0,0,0
66,64.99,66,0,0,0,0,0,0,0
67,65.99,67,0,0,0,0,0,0,0
68,67,68,0,0,0,0,0,0,0
69,68,69,0,0,0,0,0,0,0
70,69,70,0,0,0,0,0,0,0
71,70,71,0,0,0,0,0,0,0
72,71,72,0,0,0,0,0,0,0
73,72,73,0,0,0,0,0,0,0
74,73,74,0,0,0,0,0,0,0
75,74,75,0,0,0,0,0,0,0
76,75,76,0,0,0,0,0,0,0
77,76,77,0,0,0,0,0,0,0
78,77,78,0,0,0,0,0,0,0
79,78,79,0,0,0,0,0,0,0
80,0,81,0,0,0,0,0,0,0
81,1.01,82,0,0,0,0,0,0,0
82,2,83,0,0,0,0,0,0,0
83,3,84,0,0,0,0,0,0,0
84,4,85,0,0,0,0,0,0,0
85,5,86,0,0,0,0,0,0,0
86,6,87,0,0,0,0,0,0,0
87,7,88,0,0,0,0,0,0,0
88,8,89,0,0,0,0,0,0,0
89,9,90,0,0,0,0,0,0,0
90,10,91,0,0,0,0,0,0,0
91,11,92,0,0,0,0,0,0,0
92,12,93,0,0,0,0,0,0,0
93,13,94,0,0,0,0,0,0,0
94,14,95,0,0,0,0,0,0,0
95,15,96,0,0,0,0,0,0,0
96,16.01,97,0,0,0,0,0,0,0
97,17,98,0,0,0,0,0,0,0
98,18,99,0,0,0,0,0,0,0
99,19,100,0,0,0,0,0,0,0
100,20,101,0,0,0,0,0,0,0
101,21,102,0,0,0,0,0,0,0
102,22,103,0,0,0,0,0,0,0
103,23,104,0,0,0,0,0,0,0
104,24,105,0,0,0,0,0,0,0
105,25,106,0,0,0,0,0,0,0
106,26,107,0,0,0,0,0,0,0
107,27,108,0,0,0,0,0,0,0
108,28,109,0,0,0,0,0,0,0
109,29,110,0,0,0,0,0,0,0
110,30,111,0,0,0,0,0,0,0
111,31.01,112,0,0,0,0,0,0,0
112,32,113,0,0,0,0,0,0,0
113,33,114,0,0,0,0,0,0,0
114,34,115,0,0,0,0,0,0,0
115,35,116,0,0,0,0,0,0,0
116,36,117,0,0,0,0,0,0,0
117,37,118,0,0,0,0,0,0,0
118,38,119,0,0,0,0,0,0,0
119,39,120,0,0,0,0,0,0,0
120,40,121,0,0,0,0,0,0,0
121,41,122,0,0,0,0,0,0,0
122,42,123,0,0,0,0,0,0,0
123,43.01,124,0,0,0,0,0,0,0
124,44,125,0,0,0,0,0,0,0
125,45,126,0,0,0,0,0,0,0
126,46.01,127,0,0,0,0,0,0,0
127,47,128,0,0,0,0,0,0,0
128,48,129,0,0,0,0,0,0,0
129,49,130,0,0,0,0,0,0,0
130,50,131,0,0,0,0,0,0,0
131,51,132,0,0,0,0,0,0,0
132,52,133,0,0,0,0,0,0,0
133,53,134,0,0,0,0,0,0,0
134,54,135,0,0,0,0,0,0,0
135,55,136,0,0,0,0,0,0,0
136,56,137,0,0,0,0,0,0,0
137,57,138,0,0,0,0,0,0,0
138,58.01,139,0,0,0,0,0,0,0
139,59,140,0,0,0,0,0,0,0
140,60,141,0,0,0,0,0,0,0
141,61.01,142,0,0,0,0,0,0,0
142,62.01,143,0,0,0,0,0,0,0
143,63,144,0,0,0,0,0,0,0
144,64,145,0,0,0,0,0,0,0
145,65,146,0,0,0,0,0,0,0
146,66,147,0,0,0,0,0,0,0
147,67,148,0,0,0,0,0,0,0
148,68,149,0,0,0,0,0,0,0
149,69,150,0,0,0,0,0,0,0
150,70,151,0,0,0,0,0,0,0
151,71,152,0,0,0,0,0,0,0
152,72,153,0,0,0,0,0,0,0
153,73.01,154,0,0,0,0,0,0,0
154,74,155,0,0,0,0,0,0,0
155,75,156,0,0,0,0,0,0,0
156,76.01,157,0,0,0,0,0,0,0
157,77.01,158,0,0,0,0,0,0,0
158,78,159,0,0,0,0,0,0,0
159,79,160,0,0,0,0,0,0,0
160,80,161,0,0,0,0,0,0,0
161,81,162,0,0,0,0,0,0,0
162,82,163,0,0,0,0,0,0,0
163,83,164,0,0,0,0,0,0,0
164,84,165,0,0,0,0,0,0,0
165,0,167,0,0,0,0,0,0,0
166,1,168,0,0,0,0,0,0,0
167,2,169,0,0,0,0,0,0,0
168,3,170,0,0,0,0,0,0,0
169,4,171,0,0,0,0,0,0,0
170,5,172,0,0,0,0,0,0,0
171,5.99,173,0,0,0,0,0,0,0
172,7,174,0,0,0,0,0,0,0
173,8,175,0,0,0,0,0,0,0
174,9,176,0,0,0,0,0,0,0
175,10,177,0,0,0,0,0,0,0
176,11,178,0,0,0,0,0,0,0
177,12,179,0,0,0,0,0,0,0
178,13,180,0,0,0,0,0,0,0
179,14,181,0,0,0,0,0,0,0
180,15,182,0,0,0,0,0,0,0
181,16.01,183,0,0,0,0,0,0,0
182,17,184,0,0,0,0,0,0,0
183,18.01,185,0,0,0,0,0,0,0
184,19,186,0,0,0,0,0,0,0
185,20,187,0,0,0,0,0,0,0
186,21,188,0,0,0,0,0,0,0
187,22,189,0,0,0,0,0,0,0
188,23,190,0,0,0,0,0,0,0
189,24,191,0,0,0,0,0,0,0
190,25,192,0,0,0,0,0,0,0
191,26.01,193,0,0,0,0,0,0,0
192,27,194,0,0,0,0,0,0,0
193,28,195,0,0,0,0,0,0,0
194,29,196,0,0,0,0,0,0,0
195,30,197,0,0,0,0,0,0,0
196,31,198,0,0,0,0,0,0,0
197,32,199,0,0,0,0,0,0,0
198,33,200,0,0,0,0,0,0,0
199,34.01,201,0,0,0,0,0,0,0
200,35,202,0,0,0,0,0,0,0
201,36,203,0,0,0,0,0,0,0
202,37,204,0,0,0,0,0,0,0
203,38,205,0,0,0,0,0,0,0
204,39,206,0,0,0,0,0,0,0
205,40,207,0,0,0,0,0,0,0
206,41,208,0,0,0,0,0,0,0
207,42,209,0,0,0,0,0,0,0
208,43,210,0,0,0,0,0,0,0
209,44.01,211,0,0,0,0,0,0,0
210,45,212,0,0,0,0,0,0,0
211,46,213,0,0,0,0,0,0,0
212,47,214,0,0,0,0,0,0,0
213,48,215,0,0,0,0,0,0,0
214,49,216,0,0,0,0,0,0,0
215,50,217,0,0,0,0,0,0,0
216,51,218,0,0,0,0,0,0,0
217,52.01,219,0,0,0,0,0,0,0
218,53,220,0,0,0,0,0,0,0
219,54,221,0,0,0,0,0,0,0
220,55,222,0,0,0,0,0,0,0
221,56,223,0,0,0,0,0,0,0
222,57,224,0,0,0,0,0,0,0
223,58,225,0,0,0,0,0,0,0
224,59.01,226,0,0,0,0,0,0,0
225,60,227,0,0,0,0,0,0,0
226,61,228,0,0,0,0,0,0,0
227,62,229,0,0,0,0,0,0,0
228,63,230,0,0,0,0,0,0,0
229,64,231,0,0,0,0,0,0,0
230,65,232,0,0,0,0,0,0,0
231,66,233,0,0,0,0,0,0,0
232,67.01,234,0,0,0,0,0,0,0
233,0,236,0,0,0,0,0,0,0
234,1,237,0,0,0,0,0,0,0
235,2.01,238,0,0,0,0,0,0,0
236,3,239,0,0,0,0,0,0,0
237,4,240,0,0,0,0,0,0,0
238,5,241,0,0,0,0,0,0,0
239,6,242,0,0,0,0,0,0,0
240,7,243,0,0,0,0,0,0,0
241,8,244,0,0,0,0,0,0,0
242,9,245,0,0,0,0,0,0,0
243,10,246,0,0,0,0,0,0,0
244,11.01,247,0,0,0,0,0,0,0
245,12,248,0,0,0,0,0,0,0
246,13,249,0,0,0,0,0,0,0
247,14,250,0,0,0,0,0,0,0
248,15,251,0,0,0,0,0,0,0
249,16,252,0,0,0,0,0,0,0
250,17,253,0,0,0,0,0,0,0
251,18,254,0,0,0,0,0,0,0
252,19,255,0,0,0,0,0,0,0
253,20,256,0,0,0,0,0,0,0
254,21,257,0,0,0,0,0,0,0
255,22,258,0,0,0,0,0,0,0
256,23.01,259,0,0,0,0,0,0,0
257,24,260,0,0,0,0,0,0,0
258,25,261,0,0,0,0,0,0,0
259,26,262,0,0,0,0,0,0,0
260,27,263,0,0,0,0,0,0,0
261,28,264,0,0,0,0,0,0,0
262,29,265,0,0,0,0,0,0,0
263,30,266,0,0,0,0,0,0,0
264,31,267,0,0,0,0,0,0,0
265,32.01,268,0,0,0,0,0,0,0
266,33,269,0,0,0,0,0,0,0
267,34,270,0,0,0,0,0,0,0
268,35,271,0,0,0,0,0,0,0
269,36,272,0,0,0,0,0,0,0
270,37,273,0,0,0,0,0,0,0
271,38,274,0,0,0,0,0,0,0
272,39,275,0,0,0,0,0,0,0
273,40,276,0,0,0,0,0,0,0
274,41.01,277,0,0,0,0,0,0,0
275,42,278,0,0,0,0,0,0,0
276,43,279,0,0,0,0,0,0,0
277,44,280,0,0,0,0,0,0,0
278,45,281,0,0,0,0,0,0,0
279,46,282,0,0,0,0,0,0,0
280,47,283,0,0,0,0,0,0,0
281,48,284,0,0,0,0,0,0,0
282,49,285,0,0,0,0,0,0,0
283,50,286,0,0,0,0,0,0,0
284,51.01,287,0,0,0,0,0,0,0
285,52,288,0,0,0,0,0,0,0
286,53.01,289,0,0,0,0,0,0,0
287,54.01,290,0,0,0,0,0,0,0
288,55,291,0,0,0,0,0,0,0
289,56,292,0,0,0,0,0,0,0
290,57,293,0,0,0,0,0,0,0
291,58,294,0,0,0,0,0,0,0
292,59,295,0,0,0,0,0,0,0
293,60.01,296,0,0,0,0,0,0,0
294,61,297,0,0,0,0,0,0,0
295,62.01,298,0,0,0,0,0,0,0
296,63.01,299,0,0,0,0,0,0,0
297,64,300,0,0,0,0,0,0,0
298,65,301,0,0,0,0,0,0,0
299,66,302,0,0,0,0,0,0,0
300,67,303,0,0,0,0,0,0,0
301,0,305,0,0,0,0,0,0,0
302,1.01,306,0,0,0,0,0,0,0
303,2,307,0,0,0,0,0,0,0
304,3,308,0,0,0,0,0,0,0
305,4.01,309,0,0,0,0,0,0,0
306,5.01,310,0,0,0,0,0,0,0
307,6,311,0,0,0,0,0,0,0
308,7.01,312,0,0,0,0,0,0,0
309,8,313,0,0,0,0,0,0,0
310,9,314,0,0,0,0,0,0,0
311,10.01,315,0,0,0,0,0,0,0
312,10.6,316,0,0,0,0,0,0,0
313,11.6,317,0,0,0,0,0,0,0
314,12.59,318,0,0,0,0,0,0,0
315,13.59,319,0,0,0,0,0,0,0
316,14.59,320,0,0,0,0,0,0,0
317,15.6,321,0,0,0,0,0,0,0
318,16.24,322,0,0,0,0,0,0,0
319,17.25,323,0,0,0,0,0,0,0
320,18.24,324,0,0,0,0,0,0,0
321,19.25,325,0,0,0,0,0,0,0
322,20.25,326,0,0,0,0,0,0,0
323,21.25,327,0,0,0,0,0,0,0
324,22.25,328,0,0,0,0,0,0,0
325,23.25,329,0,0,0,0,0,0,0
326,24.25,330,0,0,0,0,0,0,0
327,25.25,331,0,0,0,0,0,0,0
328,26.25,332,0,0,0,0,0,0,0
329,27.25,333,0,0,0,0,0,0,0
330,28.25,334,0,0,0,0,0,0,0
331,29.25,335,0,0,0,0,0,0,0
332,30.25,336,0,0,0,0,0,0,0
333,31.24,337,0,0,0,0,0,0,0
334,32.24,338,0,0,0,0,0,0,0
335,33.24,339,0,0,0,0,0,0,0
336,34.25,340,0,0,0,0,0,0,0
337,35.25,341,0,0,0,0,0,0,0
338,36.25,342,0,0,0,0,0,0,0
339,37.25,343,0,0,0,0,0,0,0
340,37.42,344,0,0,0,0,0,0,0
341,38.42,345,0,0,0,0,0,0,0
342,39.43,346,0,0,0,0,0,0,0
343,40.42,347,0,0,0,0,0,0,0
344,41.42,348,0,0,0,0,0,0,0
345,42.42,349,0,0,0,0,0,0,0
346,43.43,350,0,0,0,0,0,0,0
347,44.42,351,0,0,0,0,0,0,0
348,45.43,352,0,0,0,0,0,0,0
349,46.43,353,0,0,0,0,0,0,0
350,47.17,354,0,0,0,0,0,0,0
351,48.17,355,0,0,0,0,0,0,0
352,49.17,356,0,0,0,0,0,0,0
353,50.17,357,0,0,0,0,0,0,0
354,51.17,358,0,0,0,0,0,0,0
355,52.17,359,0,0,0,0,0,0,0
356,53.17,360,0,0,0,0,0,0,0
357,54.17,361,0,0,0,0,0,0,0
358,55.17,362,0,0,0,0,0,0,0
359,56.17,363,0,0,0,0,0,0,0
360,57.18,364,0,0,0,0,0,0,0
361,58.18,365,0,0,0,0,0,0,0
362,59.17,366,0,0,0,0,0,0,0
363,60.17,367,0,0,0,0,0,0,0
364,61.17,368,0,0,0,0,0,0,0
365,62.17,369,0,0,0,0,0,0,0
366,63.18,370,0,0,0,0,0,0,0
367,64.18,371,0,0,0,0,0,0,0
368,65.18,372,0,0,0,0,0,0,0
369,66.18,373,0,0,0,0,0,0,0
370,67.17,374,0,0,0,0,0,0,0
371,68.17,375,0,0,0,0,0,0,0
372,69.17,376,0,0,0,0,0,0,0
373,70.17,377,0,0,0,0,0,0,0
374,71.17,378,0,0,0,0,0,0,0
375,72.17,379,0,0,0,0,0,0,0
376,73.17,380,0,0,0,0,0,0,0
377,0,382,0,0,0,0,0,0,0
378,0.99,383,0,0,0,0,0,0,0
379,1.99,384,0,0,0,0,0,0,0
380,2.99,385,0,0,0,0,0,0,0
381,4,386,0,0,0,0,0,0,0
382,4.99,387,0,0,0,0,0,0,0
383,5.99,388,0,0,0,0,0,0,0
384,6.84,389,0,0,0,0,0,0,0
385,7.84,390,0,0,0,0,0,0,0
386,8.85,391,0,0,0,0,0,0,0
387,9.85,392,0,0,0,0,0,0,0
388,10.84,393,0,0,0,0,0,0,0
389,11.84,394,0,0,0,0,0,0,0
390,12.85,395,0,0,0,0,0,0,0
391,13.85,396,0,0,0,0,0,0,0
392,14.84,397,0,0,0,0,0,0,0
393,15.85,398,0,0,0,0,0,0,0
394,16.85,399,0,0,0,0,0,0,0
395,17.85,400,0,0,0,0,0,0,0
396,18.84,401,0,0,0,0,0,0,0
397,19.84,402,0,0,0,0,0,0,0
398,20.84,403,0,0,0,0,0,0,0
399,21.84,404,0,0,0,0,0,0,0
400,22.85,405,0,0,0,0,0,0,0
401,23.84,406,0,0,0,0,0,0,0
402,24.84,407,0,0,0,0,0,0,0
403,25.84,408,0,0,0,0,0,0,0
404,26.85,409,0,0,0,0,0,0,0
405,27.84,410,0,0,0,0,0,0,0
406,28.84,411,0,0,0,0,0,0,0
407,29.85,412,0,0,0,0,0,0,0
408,30.85,413,0,0,0,0,0,0,0
409,31.85,414,0,0,0,0,0,0,0
410,32.84,415,0,0,0,0,0,0,0
411,33.84,416,0,0,0,0,0,0,0
412,34.84,417,0,0,0,0,0,0,0
413,35.84,418,0,0,0,0,0,0,0
414,36.85,419,0,0,0,0,0,0,0
415,37.84,420,0,0,0,0,0,0,0
416,0,422,0,0,0,0,0,0,0
417,1,423,0,0,0,0,0,0,0
418,2,424,0,0,0,0,0,0,0
419,3.01,425,0,0,0,0,0,0,0
420,4.01,426,0,0,0,0,0,0,0
421,5,427,0,0,0,0,0,0,0
422,6,428,0,0,0,0,0,0,0
423,7,429,0,0,0,0,0,0,0
424,8.01,430,0,0,0,0,0,0,0
425,9,431,0,0,0,0,0,0,0
426,10,432,0,0,0,0,0,0,0
427,11,433,0,0,0,0,0,0,0
428,12,434,0,0,0,0,0,0,0
429,13,435,0,0,0,0,0,0,0
430,0,437,0,0,0,0,0,0,0
431,1,438,0,0,0,0,0,0,0
432,2,439,0,0,0,0,0,0,0
433,3,440,0,0,0,0,0,0,0
434,4,441,0,0,0,0,0,0,0
435,4.99,442,0,0,0,0,0,0,0
436,6,443,0,0,0,0,0,0,0
437,7,444,0,0,0,0,0,0,0
438,7.99,445,0,0,0,0,0,0,0
439,9,446,0,0,0,0,0,0,0
440,10,447,0,0,0,0,0,0,0
441,11,448,0,0,0,0,0,0,0
442,11.99,449,0,0,0,0,0,0,0
443,12.99,450,0,0,0,0,0,0,0
444,13.99,451,0,0,0,0,0,0,0
445,14.99,452,0,0,0,0,0,0,0
446,16,453,0,0,0,0,0,0,0
447,16.99,454,0,0,0,0,0,0,0
448,0,456,0,0,0,0,0,0,0
449,1,457,0,0,0,0,0,0,0
450,2.01,458,0,0,0,0,0,0,0
451,3,459,0,0,0,0,0,0,0
452,4.01,460,0,0,0,0,0,0,0
453,5,461,0,0,0,0,0,0,0
454,6.01,462,0,0,0,0,0,0,0
455,7,463,0,0,0,0,0,0,0
456,8,464,0,0,0,0,0,0,0
457,9.01,465,0,0,0,0,0,0,0
458,10.01,466,0,0,0,0,0,0,0
459,11.01,467,0,0,0,0,0,0,0
460,12,468,0,0,0,0,0,0,0
461,13.01,469,0,0,0,0,0,0,0
462,14,470,0,0,0,0,0,0,0
463,15.01,471,0,0,0,0,0,0,0
464,16,472,0,0,0,0,0,0,0
465,17,473,0,0,0,0,0,0,0
466,18.01,474,0,0,0,0,0,0,0
467,19.01,475,0,0,0,0,0,0,0
468,20.01,476,0,0,0,0,0,0,0
469,21,477,0,0,0,0,0,0,0
470,22,478,0,0,0,0,0,0,0
471,23,479,0,0,0,0,0,0,0
472,24.01,480,0,0,0,0,0,0,0
473,25.01,481,0,0,0,0,0,0,0
474,26,482,0,0,0,0,0,0,0
475,27,483,0,0,0,0,0,0,0
476,28,484,0,0,0,0,0,0,0
477,29.01,485,0,0,0,0,0,0,0
478,30,486,0,0,0,0,0,0,0
479,31,487,0,0,0,0,0,0,0
480,32.01,488,0,0,0,0,0,0,0
481,33.01,489,0,0,0,0,0,0,0
482,34.01,490,0,0,0,0,0,0,0
483,35,491,0,0,0,0,0,0,0
484,36.01,492,0,0,0,0,0,0,0
485,37,493,0,0,0,0,0,0,0
486,38.01,494,0,0,0,0,0,0,0
487,39.01,495,0,0,0,0,0,0,0
488,40,496,0,0,0,0,0,0,0
489,41.01,497,0,0,0,0,0,0,0
490,42,498,0,0,0,0,0,0,0
491,43.01,499,0,0,0,0,0,0,0
492,44,500,0,0,0,0,0,0,0
493,45.01,501,0,0,0,0,0,0,0
494,46,502,0,0,0,0,0,0,0
495,47,503,0,0,0,0,0,0,0
496,48.01,504,0,0,0,0,0,0,0
497,49.01,505,0,0,0,0,0,0,0
498,50.01,506,0,0,0,0,0,0,0
499,51,507,0,0,0,0,0,0,0
500,0,509,0,0,0,0,0,0,0
501,0.99,510,0,0,0,0,0,0,0
502,0.99,511,0,0,0,0,0,0,0
503,2,512,0,0,0,0,0,0,0
504,3,513,0,0,0,0,0,0,0
505,4,514,0,0,0,0,0,0,0
506,5,515,0,0,0,0,0,0,0
507,6,516,0,0,0,0,0,0,0
508,7,517,0,0,0,0,0,0,0
509,8,518,0,0,0,0,0,0,0
510,9,519,0,0,0,0,0,0,0
511,10,520,0,0,0,0,0,0,0
512,11,521,0,0,0,0,0,0,0
513,12,522,0,0,0,0,0,0,0
514,13,523,0,0,0,0,0,0,0
515,14,524,0,0,0,0,0,0,0
516,15,525,0,0,0,0,0,0,0
517,16,526,0,0,0,0,0,0,0
518,17,527,0,0,0,0,0,0,0
519,18,528,0,0,0,0,0,0,0
520,19,529,0,0,0,0,0,0,0
521,20.01,530,0,0,0,0,0,0,0
522,21,531,0,0,0,0,0,0,0
523,22,532,0,0,0,0,0,0,0
524,23,533,0,0,0,0,0,0,0
525,24,534,0,0,0,0,0,0,0
526,25,535,0,0,0,0,0,0,0
527,26,536,0,0,0,0,0,0,0
528,27,537,0,0,0,0,0,0,0
529,28,538,0,0,0,0,0,0,0
530,29,539,0,0,0,0,0,0,0
531,30,540,0,0,0,0,0,0,0
532,0,542,0,0,0,0,0,0,0
533,0.99,543,0,0,0,0,0,0,0
534,1.99,544,0,0,0,0,0,0,0
535,3,545,0,0,0,0,0,0,0
536,4,546,0,0,0,0,0,0,0
537,5,547,0,0,0,0,0,0,0
538,6,548,0,0,0,0,0,0,0
539,7,549,0,0,0,0,0,0,0
540,8,550,0,0,0,0,0,0,0
541,9,551,0,0,0,0,0,0,0
542,9.99,552,0,0,0,0,0,0,0
543,10.99,553,0,0,0,0,0,0,0
544,11.99,554,0,0,0,0,0,0,0
545,12.99,555,0,0,0,0,0,0,0
546,14,556,0,0,0,0,0,0,0
547,15,557,0,0,0,0,0,0,0
548,16,558,0,0,0,0,0,0,0
549,17,559,0,0,0,0,0,0,0
550,17.99,560,0,0,0,0,0,0,0
551,18.65,561,0,0,0,0,0,0,0
552,19.65,562,0,0,0,0,0,0,0
553,20.65,563,0,0,0,0,0,0,0
554,21.65,564,0,0,0,0,0,0,0
555,22.65,565,0,0,0,0,0,0,0
556,23.65,566,0,0,0,0,0,0,0
557,24.65,567,0,0,0,0,0,0,0
558,25.65,568,0,0,0,0,0,0,0
559,26.65,569,0,0,0,0,0,0,0
560,27.65,570,0,0,0,0,0,0,0
561,28.65,571,0,0,0,0,0,0,0
562,29.65,572,0,0,0,0,0,0,0
563,30.65,573,0,0,0,0,0,0,0
564,31.65,574,0,0,0,0,0,0,0
565,32.65,575,0,0,0,0,0,0,0
566,33.65,576,0,0,0,0,0,0,0
567,0,578,0,0,0,0,0,0,0
568,1,579,0,0,0,0,0,0,0
569,2,580,0,0,0,0,0,0,0
570,3,581,0,0,0,0,0,0,0
571,3.99,582,0,0,0,0,0,0,0
572,5,583,0,0,0,0,0,0,0
573,6,584,0,0,0,0,0,0,0
574,0,586,0,0,0,0,0,0,0
575,0.99,587,0,0,0,0,0,0,0
576,2,588,0,0,0,0,0,0,0
577,3,589,0,0,0,0,0,0,0
578,4,590,0,0,0,0,0,0,0
579,5,591,0,0,0,0,0,0,0
580,5.99,592,0,0,0,0,0,0,0
581,6.99,593,0,0,0,0,0,0,0
582,7.99,594,0,0,0,0,0,0,0
583,8.99,595,0,0,0,0,0,0,0
584,9.99,596,0,0,0,0,0,0,0
585,10.99,597,0,0,0,0,0,0,0
586,11.99,598,0,0,0,0,0,0,0
587,12.99,599,0,0,0,0,0,0,0
588,14,600,0,0,0,0,0,0,0
589,14.99,601,0,0,0,0,0,0,0
590,15.99,602,0,0,0,0,0,0,0
591,17,603,0,0,0,0,0,0,0
592,18,604,0,0,0,0,0,0,0
593,18.99,605,0,0,0,0,0,0,0
594,19.99,606,0,0,0,0,0,0,0
595,21,607,0,0,0,0,0,0,0
596,21.99,608,0,0,0,0,0,0,0
597,22.99,609,0,0,0,0,0,0,0
598,0,611,0,0,0,0,0,0,0
599,1,612,0,0,0,0,0,0,0
600,2,613,0,0,0,0,0,0,0
601,3,614,0,0,0,0,0,0,0
602,4,615,0,0,0,0,0,0,0
603,5,616,0,0,0,0,0,0,0
604,6,617,0,0,0,0,0,0,0
605,7,618,0,0,0,0,0,0,0
606,8,619,0,0,0,0,0,0,0
607,9,620,0,0,0,0,0,0,0
608,10,621,0,0,0,0,0,0,0
609,11,622,0,0,0,0,0,0,0
610,12,623,0,0,0,0,0,0,0
611,13,624,0,0,0,0,0,0,0
612,14,625,0,0,0,0,0,0,0
613,15,626,0,0,0,0,0,0,0
614,16,627,0,0,0,0,0,0,0
615,17,628,0,0,0,0,0,0,0
616,18,629,0,0,0,0,0,0,0
617,19,630,0,0,0,0,0,0,0
618,20,631,0,0,0,0,0,0,0
619,21,632,0,0,0,0,0,0,0
620,22,633,0,0,0,0,0,0,0
621,23,634,0,0,0,0,0,0,0
622,24.01,635,0,0,0,0,0,0,0
623,25,636,0,0,0,0,0,0,0
624,26,637,0,0,0,0,0,0,0
625,27,638,0,0,0,0,0,0,0
626,28,639,0,0,0,0,0,0,0
627,0,641,0,0,0,0,0,0,0
628,0.99,642,0,0,0,0,0,0,0
629,2,643,0,0,0,0,0,0,0
630,2.99,644,0,0,0,0,0,0,0
631,4,645,0,0,0,0,0,0,0
632,4.99,646,0,0,0,0,0,0,0
633,6,647,0,0,0,0,0,0,0
634,7,648,0,0,0,0,0,0,0
635,8,649,0,0,0,0,0,0,0
636,9,650,0,0,0,0,0,0,0
637,9.99,651,0,0,0,0,0,0,0
638,11,652,0,0,0,0,0,0,0
639,12,653,0,0,0,0,0,0,0
640,12.99,654,0,0,0,0,0,0,0
641,13.99,655,0,0,0,0,0,0,0
642,14.99,656,0,0,0,0,0,0,0
643,15.99,657,0,0,0,0,0,0,0
644,17,658,0,0,0,0,0,0,0
645,18,659,0,0,0,0,0,0,0
646,18.99,660,0,0,0,0,0,0,0
647,19.99,661,0,0,0,0,0,0,0
648,21,662,0,0,0,0,0,0,0
649,21.99,663,0,0,0,0,0,0,0
650,0,665,0,0,0,0,0,0,0
651,1,666,0,0,0,0,0,0,0
652,2,667,0,0,0,0,0,0,0
653,3,668,0,0,0,0,0,0,0
654,4,669,0,0,0,0,0,0,0
655,5,670,0,0,0,0,0,0,0
656,6.01,671,0,0,0,0,0,0,0
657,7,672,0,0,0,0,0,0,0
658,8.01,673,0,0,0,0,0,0,0
659,9.01,674,0,0,0,0,0,0,0
660,10.01,675,0,0,0,0,0,0,0
661,11,676,0,0,0,0,0,0,0
662,12,677,0,0,0,0,0,0,0
663,13,678,0,0,0,0,0,0,0
664,14,679,0,0,0,0,0,0,0
665,15,680,0,0,0,0,0,0,0
666,16,681,0,0,0,0,0,0,0
667,17,682,0,0,0,0,0,0,0
668,18.01,683,0,0,0,0,0,0,0
669,19,684,0,0,0,0,0,0,0
670,20.01,685,0,0,0,0,0,0,0
671,21.01,686,0,0,0,0,0,0,0
672,22.01,687,0,0,0,0,0,0,0
673,23.01,688,0,0,0,0,0,0,0
674,24,689,0,0,0,0,0,0,0
675,25,690,0,0,0,0,0,0,0
676,26,691,0,0,0,0,0,0,0
677,27,692,0,0,0,0,0,0,0
678,28,693,0,0,0,0,0,0,0
679,29,694,0,0,0,0,0,0,0
680,30.01,695,0,0,0,0,0,0,0
681,31,696,0,0,0,0,0,0,0
682,32.01,697,0,0,0,0,0,0,0
683,33.01,698,0,0,0,0,0,0,0
684,34.01,699,0,0,0,0,0,0,0
685,35.01,700,0,0,0,0,0,0,0
686,36,701,0,0,0,0,0,0,0
687,37,702,0,0,0,0,0,0,0
688,38,703,0,0,0,0,0,0,0
689,39,704,0,0,0,0,0,0,0
690,40,705,0,0,0,0,0,0,0
691,41.01,706,0,0,0,0,0,0,0
692,42,707,0,0,0,0,0,0,0
693,43,708,0,0,0,0,0,0,0
694,44.01,709,0,0,0,0,0,0,0
695,45.01,710,0,0,0,0,0,0,0
696,46,711,0,0,0,0,0,0,0
697,47.01,712,0,0,0,0,0,0,0
698,48.01,713,0,0,0,0,0,0,0
699,49,714,0,0,0,0,0,0,0
700,50,715,0,0,0,0,0,0,0
701,51,716,0,0,0,0,0,0,0
702,52,717,0,0,0,0,0,0,0
703,53.01,718,0,0,0,0,0,0,0
704,54,719,0,0,0,0,0,0,0
705,55,720,0,0,0,0,0,0,0
706,56.01,721,0,0,0,0,0,0,0
707,57.01,722,0,0,0,0,0,0,0
708,58,723,0,0,0,0,0,0,0
709,59.01,724,0,0,0,0,0,0,0
710,60.01,725,0,0,0,0,0,0,0
711,61.01,726,0,0,0,0,0,0,0
712,61.12,727,0,0,0,0,0,0,0
713,62.12,728,0,0,0,0,0,0,0
714,63.12,729,0,0,0,0,0,0,0
715,64.12,730,0,0,0,0,0,0,0
716,65.12,731,0,0,0,0,0,0,0
717,66.12,732,0,0,0,0,0,0,0
718,67.13,733,0,0,0,0,0,0,0
719,68.12,734,0,0,0,0,0,0,0
720,69.12,735,0,0,0,0,0,0,0
721,70.12,736,0,0,0,0,0,0,0
722,71.13,737,0,0,0,0,0,0,0
723,72.13,738,0,0,0,0,0,0,0
724,73.13,739,0,0,0,0,0,0,0
725,74.12,740,0,0,0,0,0,0,0
726,75.12,741,0,0,0,0,0,0,0
727,76.12,742,0,0,0,0,0,0,0
728,77.13,743,0,0,0,0,0,0,0
729,78.13,744,0,0,0,0,0,0,0
730,79.13,745,0,0,0,0,0,0,0
731,80.13,746,0,0,0,0,0,0,0
732,81.12,747,0,0,0,0,0,0,0
733,82.13,748,0,0,0,0,0,0,0
734,83.13,749,0,0,0,0,0,0,0
735,84.13,750,0,0,0,0,0,0,0
736,85.12,751,0,0,0,0,0,0,0
737,85.87,752,0,0,0,0,0,0,0
738,86.87,753,0,0,0,0,0,0,0
739,87.87,754,0,0,0,0,0,0,0
740,88.88,755,0,0,0,0,0,0,0
741,89.88,756,0,0,0,0,0,0,0
742,90.88,757,0,0,0,0,0,0,0
743,91.88,758,0,0,0,0,0,0,0
744,92.88,759,0,0,0,0,0,0,0
745,93.88,760,0,0,0,0,0,0,0
746,94.88,761,0,0,0,0,0,0,0
747,95.88,762,0,0,0,0,0,0,0
748,96.88,763,0,0,0,0,0,0,0
749,97.88,764,0,0,0,0,0,0,0
750,98.88,765,0,0,0,0,0,0,0
751,99.88,766,0,0,0,0,0,0,0
752,100.88,767,0,0,0,0,0,0,0
753,101.87,768,0,0,0,0,0,0,0
754,102.88,769,0,0,0,0,0,0,0
755,103.88,770,0,0,0,0,0,0,0
756,104.88,771,0,0,0,0,0,0,0
757,105.88,772,0,0,0,0,0,0,0
758,106.88,773,0,0,0,0,0,0,0
759,107.88,774,0,0,0,0,0,0,0
760,108.88,775,0,0,0,0,0,0,0
761,109.88,776,0,0,0,0,0,0,0
762,110.18,777,0,0,0,0,0,0,0
763,111.19,778,0,0,0,0,0,0,0
764,112.18,779,0,0,0,0,0,0,0
765,113.18,780,0,0,0,0,0,0,0
766,114.19,781,0,0,0,0,0,0,0
767,115.19,782,0,0,0,0,0,0,0
768,116.18,783,0,0,0,0,0,0,0
769,117.18,784,0,0,0,0,0,0,0
770,118.18,785,0,0,0,0,0,0,0
771,119.19,786,0,0,0,0,0,0,0
772,120.19,787,0,0,0,0,0,0,0
773,121.18,788,0,0,0,0,0,0,0
774,122.18,789,0,0,0,0,0,0,0
775,123.19,790,0,0,0,0,0,0,0
776,124.18,791,0,0,0,0,0,0,0
777,125.18,792,0,0,0,0,0,0,0
778,126.19,793,0,0,0,0,0,0,0
779,127.19,794,0,0,0,0,0,0,0
780,128.18,795,0,0,0,0,0,0,0
781,129.19,796,0,0,0,0,0,0,0
782,130.18,797,0,0,0,0,0,0,0
783,131.19,798,0,0,0,0,0,0,0
784,132.18,799,0,0,0,0,0,0,0
785,133.18,800,0,0,0,0,0,0,0
786,134.18,801,0,0,0,0,0,0,0
787,135.19,802,0,0,0,0,0,0,0
788,136.19,803,0,0,0,0,0,0,0
789,137.18,804,0,0,0,0,0,0,0
790,138.19,805,0,0,0,0,0,0,0
791,139.19,806,0,0,0,0,0,0,0
792,140.19,807,0,0,0,0,0,0,0
793,141.19,808,0,0,0,0,0,0,0
794,142.19,809,0,0,0,0,0,0,0
795,143.19,810,0,0,0,0,0,0,0
796,144.19,811,0,0,0,0,0,0,0
797,145.18,812,0,0,0,0,0,0,0
798,146.19,813,0,0,0,0,0,0,0
799,147.19,814,0,0,0,0,0,0,0
800,148.19,815,0,0,0,0,0,0,0
801,149.19,816,0,0,0,0,0,0,0
802,150.19,817,0,0,0,0,0,0,0
803,151.18,818,0,0,0,0,0,0,0
804,152.19,819,0,0,0,0,0,0,0
805,153.19,820,0,0,0,0,0,0,0
806,154.18,821,0,0,0,0,0,0,0
807,154.34,822,0,0,0,0,0,0,0
808,155.34,823,0,0,0,0,0,0,0
809,156.34,824,0,0,0,0,0,0,0
810,157.33,825,0,0,0,0,0,0,0
811,158.34,826,0,0,0,0,0,0,0
812,159.33,827,0,0,0,0,0,0,0
813,160.34,828,0,0,0,0,0,0,0
814,161.33,829,0,0,0,0,0,0,0
815,162.34,830,0,0,0,0,0,0,0
816,163.34,831,0,0,0,0,0,0,0
817,164.33,832,0,0,0,0,0,0,0
818,165.34,833,0,0,0,0,0,0,0
819,166.34,834,0,0,0,0,0,0,0
820,167.34,835,0,0,0,0,0,0,0
821,168.34,836,0,0,0,0,0,0,0
822,169.33,837,0,0,0,0,0,0,0
823,170.34,838,0,0,0,0,0,0,0
824,171.33,839,0,0,0,0,0,0,0
825,172.34,840,0,0,0,0,0,0,0
826,173.33,841,0,0,0,0,0,0,0
827,174.34,842,0,0,0,0,0,0,0
828,175.34,843,0,0,0,0,0,0,0
829,176.33,844,0,0,0,0,0,0,0
830,177.34,845,0,0,0,0,0,0,0
831,178.33,846,0,0,0,0,0,0,0
832,179.34,847,0,0,0,0,0,0,0
833,180.33,848,0,0,0,0,0,0,0
834,181.33,849,0,0,0,0,0,0,0
835,182.34,850,0,0,0,0,0,0,0
836,183.33,851,0,0,0,0,0,0,0
837,184.34,852,0,0,0,0,0,0,0
838,185.34,853,0,0,0,0,0,0,0
839,186.34,854,0,0,0,0,0,0,0
840,187.34,855,0,0,0,0,0,0,0
841,188.33,856,0,0,0,0,0,0,0
842,189.34,857,0,0,0,0,0,0,0
843,190.33,858,0,0,0,0,0,0,0
844,191.34,859,0,0,0,0,0,0,0
845,192.33,860,0,0,0,0,0,0,0
846,193.34,861,0,0,0,0,0,0,0
847,194.34,862,0,0,0,0,0,0,0
848,195.33,863,0,0,0,0,0,0,0
849,196.34,864,0,0,0,0,0,0,0
850,197.34,865,0,0,0,0,0,0,0
851,198.34,866,0,0,0,0,0,0,0
852,199.34,867,0,0,0,0,0,0,0
853,200.33,868,0,0,0,0,0,0,0
854,201.34,869,0,0,0,0,0,0,0
855,202.33,870,0,0,0,0,0,0,0
856,203.34,871,0,0,0,0,0,0,0
857,204.34,872,0,0,0,0,0,0,0
858,205.34,873,0,0,0,0,0,0,0
859,206.34,874,0,0,0,0,0,0,0
860,207.33,875,0,0,0,0,0,0,0
861,208.34,876,0,0,0,0,0,0,0
862,209.34,877,0,0,0,0,0,0,0
863,209.82,878,0,0,0,0,0,0,0
864,210.82,879,0,0,0,0,0,0,0
865,211.82,880,0,0,0,0,0,0,0
866,212.82,881,0,0,0,0,0,0,0
867,213.82,882,0,0,0,0,0,0,0
868,214.82,883,0,0,0,0,0,0,0
869,215.82,884,0,0,0,0,0,0,0
870,216.82,885,0,0,0,0,0,0,0
871,217.82,886,0,0,0,0,0,0,0
872,218.82,887,0,0,0,0,0,0,0
873,219.82,888,0,0,0,0,0,0,0
874,220.82,889,0,0,0,0,0,0,0
875,221.82,890,0,0,0,0,0,0,0
876,222.82,891,0,0,0,0,0,0,0
877,223.82,892,0,0,0,0,0,0,0
878,224.82,893,0,0,0,0,0,0,0
879,225.82,894,0,0,0,0,0,0,0
880,226.82,895,0,0,0,0,0,0,0
881,227.82,896,0,0,0,0,0,0,0
882,228.53,897,0,0,0,0,0,0,0
883,229.52,898,0,0,0,0,0,0,0
884,230.53,899,0,0,0,0,0,0,0
885,231.53,900,0,0,0,0,0,0,0
886,232.53,901,0,0,0,0,0,0,0
887,233.53,902,0,0,0,0,0,0,0
888,234.53,903,0,0,0,0,0,0,0
889,235.53,904,0,0,0,0,0,0,0
890,236.53,905,0,0,0,0,0,0,0
891,237.53,906,0,0,0,0,0,0,0
892,238.53,907,0,0,0,0,0,0,0
893,239.53,908,0,0,0,0,0,0,0
894,240.53,909,0,0,0,0,0,0,0
895,241.53,910,0,0,0,0,0,0,0
896,242.52,911,0,0,0,0,0,0,0
897,243.53,912,0,0,0,0,0,0,0
898,244.53,913,0,0,0,0,0,0,0
899,245.53,914,0,0,0,0,0,0,0
900,246.53,915,0,0,0,0,0,0,0
901,247.53,916,0,0,0,0,0,0,0
902,248.53,917,0,0,0,0,0,0,0
903,249.53,918,0,0,0,0,0,0,0
904,250.53,919,0,0,0,0,0,0,0
905,251.53,920,0,0,0,0,0,0,0
906,252.53,921,0,0,0,0,0,0,0
907,253.53,922,0,0,0,0,0,0,0
908,254.53,923,0,0,0,0,0,0,0
909,255.52,924,0,0,0,0,0,0,0
910,256.53,925,0,0,0,0,0,0,0
911,257.53,926,0,0,0,0,0,0,0
912,258.53,927,0,0,0,0,0,0,0
913,259.53,928,0,0,0,0,0,0,0
914,260.53,929,0,0,0,0,0,0,0
915,261.53,930,0,0,0,0,0,0,0
916,262.53,931,0,0,0,0,0,0,0
917,263.53,932,0,0,0,0,0,0,0
918,264.53,933,0,0,0,0,0,0,0
919,0,935,0,0,0,0,0,0,0
920,1,936,0,0,0,0,0,0,0
921,2,937,0,0,0,0,0,0,0
922,3,938,0,0,0,0,0,0,0
923,4,939,0,0,0,0,0,0,0
924,5,940,0,0,0,0,0,0,0
925,6,941,0,0,0,0,0,0,0
926,7,942,0,0,0,0,0,0,0
927,8,943,0,0,0,0,0,0,0
928,9,944,0,0,0,0,0,0,0
929,10,945,0,0,0,0,0,0,0
930,11,946,0,0,0,0,0,0,0
931,12,947,0,0,0,0,0,0,0
932,13,948,0,0,0,0,0,0,0
933,14,949,0,0,0,0,0,0,0
934,15,950,0,0,0,0,0,0,0
935,16,951,0,0,0,0,0,0,0
936,16.99,952,0,0,0,0,0,0,0
937,18,953,0,0,0,0,0,0,0
938,19,954,0,0,0,0,0,0,0
939,20,955,0,0,0,0,0,0,0
940,21,956,0,0,0,0,0,0,0
941,22,957,0,0,0,0,0,0,0
942,23,958,0,0,0,0,0,0,0
943,23.99,959,0,0,0,0,0,0,0
944,25,960,0,0,0,0,0,0,0
945,26,961,0,0,0,0,0,0,0
946,27,962,0,0,0,0,0,0,0
947,28,963,0,0,0,0,0,0,0
948,29,964,0,0,0,0,0,0,0
949,30,965,0,0,0,0,0,0,0
950,31,966,0,0,0,0,0,0,0
951,32,967,0,0,0,0,0,0,0
952,33,968,0,0,0,0,0,0,0
953,34,969,0,0,0,0,0,0,0
954,35,970,0,0,0,0,0,0,0
955,36,971,0,0,0,0,0,0,0
956,37,972,0,0,0,0,0,0,0
957,38,973,0,0,0,0,0,0,0
958,38.34,974,0,0,0,0,0,0,0
959,39.33,975,0,0,0,0,0,0,0
960,40.34,976,0,0,0,0,0,0,0
961,41.33,977,0,0,0,0,0,0,0
962,42.34,978,0,0,0,0,0,0,0
963,43.33,979,0,0,0,0,0,0,0
964,44.34,980,0,0,0,0,0,0,0
965,45.33,981,0,0,0,0,0,0,0
966,46.34,982,0,0,0,0,0,0,0
967,47.34,983,0,0,0,0,0,0,0
968,48.33,984,0,0,0,0,0,0,0
969,49.34,985,0,0,0,0,0,0,0
970,50.33,986,0,0,0,0,0,0,0
971,51.34,987,0,0,0,0,0,0,0
972,52.34,988,0,0,0,0,0,0,0
973,53.34,989,0,0,0,0,0,0,0
974,54.33,990,0,0,0,0,0,0,0
975,55.34,991,0,0,0,0,0,0,0
976,56.34,992,0,0,0,0,0,0,0
977,57.34,993,0,0,0,0,0,0,0
978,58.34,994,0,0,0,0,0,0,0
979,59.33,995,0,0,0,0,0,0,0
980,60.34,996,0,0,0,0,0,0,0
981,61.34,997,0,0,0,0,0,0,0
982,62.34,998,0,0,0,0,0,0,0
983,63.34,999,0,0,0,0,0,0,0
984,64.34,1000,0,0,0,0,0,0,0
985,65.34,1001,0,0,0,0,0,0,0
986,66.29,1002,0,0,0,0,0,0,0
987,67.29,1003,0,0,0,0,0,0,0
988,68.29,1004,0,0,0,0,0,0,0
989,69.29,1005,0,0,0,0,0,0,0
990,70.29,1006,0,0,0,0,0,0,0
991,71.29,1007,0,0,0,0,0,0,0
992,72.29,1008,0,0,0,0,0,0,0
993,73.29,1009,0,0,0,0,0,0,0
994,74.29,1010,0,0,0,0,0,0,0
995,75.28,1011,0,0,0,0,0,0,0
996,76.29,1012,0,0,0,0,0,0,0
997,77.28,1013,0,0,0,0,0,0,0
998,78.29,1014,0,0,0,0,0,0,0
999,79.29,1015,0,0,0,0,0,0,0
1000,80.29,1016,0,0,0,0,0,0,0
1001,81.29,1017,0,0,0,0,0,0,0
1002,82.29,1018,0,0,0,0,0,0,0
1003,83.29,1019,0,0,0,0,0,0,0
1004,84.29,1020,0,0,0,0,0,0,0
1005,85.29,1021,0,0,0,0,0,0,0
1006,86.29,1022,0,0,0,0,0,0,0
1007,87.29,1023,0,0,0,0,0,0,0
1008,88.29,1024,0,0,0,0,0,0,0
1009,89.29,1025,0,0,0,0,0,0,0
1010,90.29,1026,0,0,0,0,0,0,0
1011,91.29,1027,0,0,0,0,0,0,0
1012,92.29,1028,0,0,0,0,0,0,0
1013,93.29,1029,0,0,0,0,0,0,0
1014,94.29,1030,0,0,0,0,0,0,0
1015,95.29,1031,0,0,0,0,0,0,0
1016,96.29,1032,0,0,0,0,0,0,0
1017,97.29,1033,0,0,0,0,0,0,0
1018,98.29,1034,0,0,0,0,0,0,0
1019,99.3,1035,0,0,0,0,0,0,0
1020,100.29,1036,0,0,0,0,0,0,0
1021,101.3,1037,0,0,0,0,0,0,0
1022,102.29,1038,0,0,0,0,0,0,0
1023,103.29,1039,0,0,0,0,0,0,0
1024,104.29,1040,0,0,0,0,0,0,0
1025,105.29,1041,0,0,0,0,0,0,0
1026,106.29,1042,0,0,0,0,0,0,0
1027,107.29,1043,0,0,0,0,0,0,0
1028,108.29,1044,0,0,0,0,0,0,0
1029,109.29,1045,0,0,0,0,0,0,0
1030,110.29,1046,0,0,0,0,0,0,0
1031,111.29,1047,0,0,0,0,0,0,0
1032,111.93,1048,0,0,0,0,0,0,0
1033,112.94,1049,0,0,0,0,0,0,0
1034,113.93,1050,0,0,0,0,0,0,0
1035,114.93,1051,0,0,0,0,0,0,0
1036,115.93,1052,0,0,0,0,0,0,0
1037,116.93,1053,0,0,0,0,0,0,0
1038,117.93,1054,0,0,0,0,0,0,0
1039,118.93,1055,0,0,0,0,0,0,0
1040,119.93,1056,0,0,0,0,0,0,0
1041,120.93,1057,0,0,0,0,0,0,0
1042,121.94,1058,0,0,0,0,0,0,0
1043,122.93,1059,0,0,0,0,0,0,0
1044,123.93,1060,0,0,0,0,0,0,0
1045,124.93,1061,0,0,0,0,0,0,0
1046,125.93,1062,0,0,0,0,0,0,0
1047,126.93,1063,0,0,0,0,0,0,0
1048,127.94,1064,0,0,0,0,0,0,0
1049,128.94,1065,0,0,0,0,0,0,0
1050,129.94,1066,0,0,0,0,0,0,0
1051,130.94,1067,0,0,0,0,0,0,0
1052,131.93,1068,0,0,0,0,0,0,0
1053,132.94,1069,0,0,0,0,0,0,0
1054,133.94,1070,0,0,0,0,0,0,0
1055,134.94,1071,0,0,0,0,0,0,0
1056,135.93,1072,0,0,0,0,0,0,0
1057,136.94,1073,0,0,0,0,0,0,0
1058,137.93,1074,0,0,0,0,0,0,0
1059,138.94,1075,0,0,0,0,0,0,0
1060,139.94,1076,0,0,0,0,0,0,0
1061,140.94,1077,0,0,0,0,0,0,0
1062,141.93,1078,0,0,0,0,0,0,0
1063,142.94,1079,0,0,0,0,0,0,0
1064,143.93,1080,0,0,0,0,0,0,0
1065,144.94,1081,0,0,0,0,0,0,0
1066,145.94,1082,0,0,0,0,0,0,0
1067,146.93,1083,0,0,0,0,0,0,0
1068,147.93,1084,0,0,0,0,0,0,0
1069,148.93,1085,0,0,0,0,0,0,0
1070,149.94,1086,0,0,0,0,0,0,0
1071,150.93,1087,0,0,0,0,0,0,0
1072,151.93,1088,0,0,0,0,0,0,0
1073,152.93,1089,0,0,0,0,0,0,0
1074,153.93,1090,0,0,0,0,0,0,0
1075,154.94,1091,0,0,0,0,0,0,0
1076,155.93,1092,0,0,0,0,0,0,0
1077,156.93,1093,0,0,0,0,0,0,0
1078,157.93,1094,0,0,0,0,0,0,0
1079,158.93,1095,0,0,0,0,0,0,0
1080,159.93,1096,0,0,0,0,0,0,0
1081,160.93,1097,0,0,0,0,0,0,0
1082,161.93,1098,0,0,0,0,0,0,0
1083,162.93,1099,0,0,0,0,0,0,0
1084,163.93,1100,0,0,0,0,0,0,0
1085,164.93,1101,0,0,0,0,0,0,0
1086,165.93,1102,0,0,0,0,0,0,0
1087,166.93,1103,0,0,0,0,0,0,0
1088,167.93,1104,0,0,0,0,0,0,0
1089,168.93,1105,0,0,0,0,0,0,0
1090,169.93,1106,0,0,0,0,0,0,0
1091,170.93,1107,0,0,0,0,0,0,0
1092,171.94,1108,0,0,0,0,0,0,0
1093,172.93,1109,0,0,0,0,0,0,0
1094,173.93,1110,0,0,0,0,0,0,0
1095,174.93,1111,0,0,0,0,0,0,0
1096,175.94,1112,0,0,0,0,0,0,0
1097,176.93,1113,0,0,0,0,0,0,0
1098,177.93,1114,0,0,0,0,0,0,0
1099,178.93,1115,0,0,0,0,0,0,0
1100,179.93,1116,0,0,0,0,0,0,0
1101,180.93,1117,0,0,0,0,0,0,0
1102,181.93,1118,0,0,0,0,0,0,0
1103,182.93,1119,0,0,0,0,0,0,0
1104,183.93,1120,0,0,0,0,0,0,0
1105,184.93,1121,0,0,0,0,0,0,0
1106,185.93,1122,0,0,0,0,0,0,0
1107,186.93,1123,0,0,0,0,0,0,0
1108,187.93,1124,0,0,0,0,0,0,0
1109,188.93,1125,0,0,0,0,0,0,0
1110,189.93,1126,0,0,0,0,0,0,0
1111,190.93,1127,0,0,0,0,0,0,0
1112,191.93,1128,0,0,0,0,0,0,0
1113,192.93,1129,0,0,0,0,0,0,0
1114,193.93,1130,0,0,0,0,0,0,0
1115,194.47,1131,0,0,0,0,0,0,0
1116,195.48,1132,0,0,0,0,0,0,0
1117,196.48,1133,0,0,0,0,0,0,0
1118,197.48,1134,0,0,0,0,0,0,0
1119,198.48,1135,0,0,0,0,0,0,0
1120,199.48,1136,0,0,0,0,0,0,0
1121,200.49,1137,0,0,0,0,0,0,0
1122,201.48,1138,0,0,0,0,0,0,0
1123,202.48,1139,0,0,0,0,0,0,0
1124,203.48,1140,0,0,0,0,0,0,0
1125,204.48,1141,0,0,0,0,0,0,0
1126,205.48,1142,0,0,0,0,0,0,0
1127,206.48,1143,0,0,0,0,0,0,0
1128,207.48,1144,0,0,0,0,0,0,0
1129,208.48,1145,0,0,0,0,0,0,0
1130,209.48,1146,0,0,0,0,0,0,0
1131,210.48,1147,0,0,0,0,0,0,0
1132,211.48,1148,0,0,0,0,0,0,0
1133,212.48,1149,0,0,0,0,0,0,0
1134,213.48,1150,0,0,0,0,0,0,0
1135,214.48,1151,0,0,0,0,0,0,0
1136,215.48,1152,0,0,0,0,0,0,0
1137,216.48,1153,0,0,0,0,0,0,0
1138,217.48,1154,0,0,0,0,0,0,0
1139,218.48,1155,0,0,0,0,0,0,0
1140,219.48,1156,0,0,0,0,0,0,0
1141,220.48,1157,0,0,0,0,0,0,0
1142,221.48,1158,0,0,0,0,0,0,0
1143,222.48,1159,0,0,0,0,0,0,0
1144,223.48,1160,0,0,0,0,0,0,0
1145,224.48,1161,0,0,0,0,0,0,0
1146,225.49,1162,0,0,0,0,0,0,0
1147,226.48,1163,0,0,0,0,0,0,0
1148,227.48,1164,0,0,0,0,0,0,0
1149,228.48,1165,0,0,0,0,0,0,0
1150,229.48,1166,0,0,0,0,0,0,0
1151,230.48,1167,0,0,0,0,0,0,0
1152,231.48,1168,0,0,0,0,0,0,0
1153,232.48,1169,0,0,0,0,0,0,0
1154,233.48,1170,0,0,0,0,0,0,0
1155,234.48,1171,0,0,0,0,0,0,0
1156,235.48,1172,0,0,0,0,0,0,0
1157,236.48,1173,0,0,0,0,0,0,0
1158,237.49,1174,0,0,0,0,0,0,0
1159,238.48,1175,0,0,0,0,0,0,0
1160,239.48,1176,0,0,0,0,0,0,0
1161,240.48,1177,0,0,0,0,0,0,0
1162,241.48,1178,0,0,0,0,0,0,0
1163,242.48,1179,0,0,0,0,0,0,0
1164,243.48,1180,0,0,0,0,0,0,0
1165,244.48,1181,0,0,0,0,0,0,0
1166,245.48,1182,0,0,0,0,0,0,0
1167,246.48,1183,0,0,0,0,0,0,0
1168,247.48,1184,0,0,0,0,0,0,0
1169,248.48,1185,0,0,0,0,0,0,0
1170,249.48,1186,0,0,0,0,0,0,0
1171,250.48,1187,0,0,0,0,0,0,0
1172,251.48,1188,0,0,0,0,0,0,0
1173,252.48,1189,0,0,0,0,0,0,0
1174,253.49,1190,0,0,0,0,0,0,0
1175,254.48,1191,0,0,0,0,0,0,0
1176,255.48,1192,0,0,0,0,0,0,0
1177,255.79,1193,0,0,0,0,0,0,0
1178,256.1,1194,0,0,0,0,0,0,0
1179,256.41,1195,0,0,0,0,0,0,0
1180,0,1197,0,0,0,0,0,0,0
1181,1,1198,0,0,0,0,0,0,0
1182,2,1199,0,0,0,0,0,0,0
1183,2.99,1200,0,0,0,0,0,0,0
1184,4,1201,0,0,0,0,0,0,0
1185,5,1202,0,0,0,0,0,0,0
1186,6,1203,0,0,0,0,0,0,0
1187,7,1204,0,0,0,0,0,0,0
1188,7.99,1205,0,0,0,0,0,0,0
1189,9,1206,0,0,0,0,0,0,0
1190,10,1207,0,0,0,0,0,0,0
1191,11,1208,0,0,0,0,0,0,0
1192,12,1209,0,0,0,0,0,0,0
1193,12.99,1210,0,0,0,0,0,0,0
1194,14,1211,0,0,0,0,0,0,0
1195,15,1212,0,0,0,0,0,0,0
1196,16,1213,0,0,0,0,0,0,0
1197,17,1214,0,0,0,0,0,0,0
1198,18,1215,0,0,0,0,0,0,0
1199,19,1216,0,0,0,0,0,0,0
1200,0,1218,0,0,0,0,0,0,0
1201,1,1219,0,0,0,0,0,0,0
1202,2,1220,0,0,0,0,0,0,0
1203,3,1221,0,0,0,0,0,0,0
1204,4,1222,0,0,0,0,0,0,0
1205,5,1223,0,0,0,0,0,0,0
1206,6,1224,0,0,0,0,0,0,0
1207,7,1225,0,0,0,0,0,0,0
1208,8,1226,0,0,0,0,0,0,0
1209,9,1227,0,0,0,0,0,0,0
1210,10,1228,0,0,0,0,0,0,0
1211,11,1229,0,0,0,0,0,0,0
1212,12,1230,0,0,0,0,0,0,0
1213,13,1231,0,0,0,0,0,0,0
1214,14,1232,0,0,0,0,0,0,0
1215,15,1233,0,0,0,0,0,0,0
1216,16,1234,0,0,0,0,0,0,0
1217,17,1235,0,0,0,0,0,0,0
1218,18,1236,0,0,0,0,0,0,0
1219,19,1237,0,0,0,0,0,0,0
1220,0,1239,0,0,0,0,0,0,0
1221,1,1240,0,0,0,0,0,0,0
1222,2,1241,0,0,0,0,0,0,0
1223,3,1242,0,0,0,0,0,0,0
1224,4,1243,0,0,0,0,0,0,0
1225,5,1244,0,0,0,0,0,0,0
1226,6,1245,0,0,0,0,0,0,0
1227,7,1246,0,0,0,0,0,0,0
1228,8,1247,0,0,0,0,0,0,0
1229,9,1248,0,0,0,0,0,0,0
1230,10,1249,0,0,0,0,0,0,0
1231,11,1250,0,0,0,0,0,0,0
1232,12,1251,0,0,0,0,0,0,0
1233,13.01,1252,0,0,0,0,0,0,0
1234,0,1254,0,0,0,0,0,0,0
1235,1,1255,0,0,0,0,0,0,0
1236,2,1256,0,0,0,0,0,0,0
1237,3,1257,0,0,0,0,0,0,0
1238,4,1258,0,0,0,0,0,0,0
1239,5,1259,0,0,0,0,0,0,0
1240,6,1260,0,0,0,0,0,0,0
1241,7,1261,0,0,0,0,0,0,0
1242,8,1262,0,0,0,0,0,0,0
1243,9,1263,0,0,0,0,0,0,0
1244,10,1264,0,0,0,0,0,0,0
1245,11,1265,0,0,0,0,0,0,0
1246,12,1266,0,0,0,0,0,0,0
1247,13,1267,0,0,0,0,0,0,0
1248,14,1268,0,0,0,0,0,0,0
1249,15,1269,0,0,0,0,0,0,0
1250,16,1270,0,0,0,0,0,0,0
1251,17,1271,0,0,0,0,0,0,0
1252,18,1272,0,0,0,0,0,0,0
1253,19,1273,0,0,0,0,0,0,0
1254,20,1274,0,0,0,0,0,0,0
1255,21,1275,0,0,0,0,0,0,0
1256,22,1276,0,0,0,0,0,0,0
1257,23,1277,0,0,0,0,0,0,0
1258,24.01,1278,0,0,0,0,0,0,0
1259,25,1279,0,0,0,0,0,0,0
1260,26,1280,0,0,0,0,0,0,0
1261,27,1281,0,0,0,0,0,0,0
1262,28,1282,0,0,0,0,0,0,0
1263,29,1283,0,0,0,0,0,0,0
1264,30,1284,0,0,0,0,0,0,0
1265,31,1285,0,0,0,0,0,0,0
1266,32.01,1286,0,0,0,0,0,0,0
1267,33,1287,0,0,0,0,0,0,0
1268,34,1288,0,0,0,0,0,0,0
1269,35,1289,0,0,0,0,0,0,0
1270,36,1290,0,0,0,0,0,0,0
1271,37,1291,0,0,0,0,0,0,0
1272,38,1292,0,0,0,0,0,0,0
1273,39,1293,0,0,0,0,0,0,0
1274,0,1295,0,0,0,0,0,0,0
1275,0.99,1296,0,0,0,0,0,0,0
1276,1.99,1297,0,0,0,0,0,0,0
1277,3,1298,0,0,0,0,0,0,0
1278,4,1299,0,0,0,0,0,0,0
1279,5,1300,0,0,0,0,0,0,0
1280,6,1301,0,0,0,0,0,0,0
1281,7,1302,0,0,0,0,0,0,0
1282,8,1303,0,0,0,0,0,0,0
1283,9,1304,0,0,0,0,0,0,0
1284,9.99,1305,0,0,0,0,0,0,0
1285,11,1306,0,0,0,0,0,0,0
1286,12,1307,0,0,0,0,0,0,0
1287,13,1308,0,0,0,0,0,0,0
1288,14,1309,0,0,0,0,0,0,0
1289,15,1310,0,0,0,0,0,0,0
1290,15.99,1311,0,0,0,0,0,0,0
1291,17,1312,0,0,0,0,0,0,0
1292,18,1313,0,0,0,0,0,0,0
1293,19,1314,0,0,0,0,0,0,0
1294,19.99,1315,0,0,0,0,0,0,0
1295,21,1316,0,0,0,0,0,0,0
1296,0,1318,0,0,0,0,0,0,0
1297,1,1319,0,0,0,0,0,0,0
1298,2,1320,0,0,0,0,0,0,0
1299,3,1321,0,0,0,0,0,0,0
1300,4,1322,0,0,0,0,0,0,0
1301,5,1323,0,0,0,0,0,0,0
1302,6,1324,0,0,0,0,0,0,0
1303,6.99,1325,0,0,0,0,0,0,0
1304,8,1326,0,0,0,0,0,0,0
1305,9,1327,0,0,0,0,0,0,0
1306,9.99,1328,0,0,0,0,0,0,0
1307,11,1329,0,0,0,0,0,0,0
1308,12,1330,0,0,0,0,0,0,0
1309,13,1331,0,0,0,0,0,0,0
1310,14,1332,0,0,0,0,0,0,0
1311,14.99,1333,0,0,0,0,0,0,0
1312,16,1334,0,0,0,0,0,0,0
1313,17,1335,0,0,0,0,0,0,0
1314,17.99,1336,0,0,0,0,0,0,0
1315,18.99,1337,0,0,0,0,0,0,0
1316,0,1339,0,0,0,0,0,0,0
1317,1,1340,0,0,0,0,0,0,0
1318,2,1341,0,0,0,0,0,0,0
1319,2.99,1342,0,0,0,0,0,0,0
1320,4,1343,0,0,0,0,0,0,0
1321,4.99,1344,0,0,0,0,0,0,0
1322,5.99,1345,0,0,0,0,0,0,0
1323,6.99,1346,0,0,0,0,0,0,0
1324,7.99,1347,0,0,0,0,0,0,0
1325,9,1348,0,0,0,0,0,0,0
1326,10,1349,0,0,0,0,0,0,0
1327,10.99,1350,0,0,0,0,0,0,0
1328,11.99,1351,0,0,0,0,0,0,0
1329,13,1352,0,0,0,0,0,0,0
1330,14,1353,0,0,0,0,0,0,0
1331,15,1354,0,0,0,0,0,0,0
1332,15.99,1355,0,0,0,0,0,0,0
1333,16.99,1356,0,0,0,0,0,0,0
1334,0,1358,0,0,0,0,0,0,0
1335,1,1359,0,0,0,0,0,0,0
1336,2,1360,0,0,0,0,0,0,0
1337,3,1361,0,0,0,0,0,0,0
1338,3.99,1362,0,0,0,0,0,0,0
1339,5,1363,0,0,0,0,0,0,0
1340,6,1364,0,0,0,0,0,0,0
1341,7,1365,0,0,0,0,0,0,0
1342,8,1366,0,0,0,0,0,0,0
1343,9,1367,0,0,0,0,0,0,0
1344,10,1368,0,0,0,0,0,0,0
1345,11,1369,0,0,0,0,0,0,0
1346,12,1370,0,0,0,0,0,0,0
1347,13,1371,0,0,0,0,0,0,0
1348,13.99,1372,0,0,0,0,0,0,0
1349,14.99,1373,0,0,0,0,0,0,0
1350,16,1374,0,0,0,0,0,0,0
1351,17,1375,0,0,0,0,0,0,0
1352,18,1376,0,0,0,0,0,0,0
1353,18.99,1377,0,0,0,0,0,0,0
1354,20,1378,0,0,0,0,0,0,0
1355,21,1379,0,0,0,0,0,0,0
1356,22,1380,0,0,0,0,0,0,0
1357,23,1381,0,0,0,0,0,0,0
1358,24,1382,0,0,0,0,0,0,0
1359,25,1383,0,0,0,0,0,0,0
1360,26,1384,0,0,0,0,0,0,0
1361,0,1386,0,0,0,0,0,0,0
1362,1,1387,0,0,0,0,0,0,0
1363,2,1388,0,0,0,0,0,0,0
1364,3,1389,0,0,0,0,0,0,0
1365,4,1390,0,0,0,0,0,0,0
1366,5,1391,0,0,0,0,0,0,0
1367,6,1392,0,0,0,0,0,0,0
1368,7,1393,0,0,0,0,0,0,0
1369,8,1394,0,0,0,0,0,0,0
1370,9,1395,0,0,0,0,0,0,0
1371,10,1396,0,0,0,0,0,0,0
1372,11,1397,0,0,0,0,0,0,0
1373,12,1398,0,0,0,0,0,0,0
1374,13,1399,0,0,0,0,0,0,0
1375,14,1400,0,0,0,0,0,0,0
1376,15,1401,0,0,0,0,0,0,0
1377,16,1402,0,0,0,0,0,0,0
1378,17,1403,0,0,0,0,0,0,0
1379,18,1404,0,0,0,0,0,0,0
1380,19,1405,0,0,0,0,0,0,0
1381,20,1406,0,0,0,0,0,0,0
1382,20.99,1407,0,0,0,0,0,0,0
1383,22,1408,0,0,0,0,0,0,0
1384,23,1409,0,0,0,0,0,0,0
1385,24,1410,0,0,0,0,0,0,0
1386,25,1411,0,0,0,0,0,0,0
1387,0,1413,0,0,0,0,0,0,0
1388,1,1414,0,0,0,0,0,0,0
1389,2,1415,0,0,0,0,0,0,0
1390,3,1416,0,0,0,0,0,0,0
1391,4,1417,0,0,0,0,0,0,0
1392,5,1418,0,0,0,0,0,0,0
1393,6,1419,0,0,0,0,0,0,0
1394,7,1420,0,0,0,0,0,0,0
1395,8,1421,0,0,0,0,0,0,0
1396,9,1422,0,0,0,0,0,0,0
1397,10,1423,0,0,0,0,0,0,0
1398,11.01,1424,0,0,0,0,0,0,0
1399,12,1425,0,0,0,0,0,0,0
1400,13,1426,0,0,0,0,0,0,0
1401,13.15,1427,0,0,0,0,0,0,0
1402,14.15,1428,0,0,0,0,0,0,0
1403,15.14,1429,0,0,0,0,0,0,0
1404,16.15,1430,0,0,0,0,0,0,0
1405,17.15,1431,0,0,0,0,0,0,0
1406,18.15,1432,0,0,0,0,0,0,0
1407,18.85,1433,0,0,0,0,0,0,0
1408,19.85,1434,0,0,0,0,0,0,0
1409,20.85,1435,0,0,0,0,0,0,0
1410,21.85,1436,0,0,0,0,0,0,0
1411,22.85,1437,0,0,0,0,0,0,0
1412,23.85,1438,0,0,0,0,0,0,0
1413,24.86,1439,0,0,0,0,0,0,0
1414,25.85,1440,0,0,0,0,0,0,0
1415,26.85,1441,0,0,0,0,0,0,0
1416,27.86,1442,0,0,0,0,0,0,0
1417,0,1444,0,0,0,0,0,0,0
1418,1,1445,0,0,0,0,0,0,0
1419,2,1446,0,0,0,0,0,0,0
1420,3,1447,0,0,0,0,0,0,0
1421,4,1448,0,0,0,0,0,0,0
1422,5,1449,0,0,0,0,0,0,0
1423,6,1450,0,0,0,0,0,0,0
1424,7.01,1451,0,0,0,0,0,0,0
1425,8,1452,0,0,0,0,0,0,0
1426,9,1453,0,0,0,0,0,0,0
1427,9.64,1454,0,0,0,0,0,0,0
1428,10.65,1455,0,0,0,0,0,0,0
1429,11.65,1456,0,0,0,0,0,0,0
1430,12.64,1457,0,0,0,0,0,0,0
1431,13.65,1458,0,0,0,0,0,0,0
1432,14.64,1459,0,0,0,0,0,0,0
1433,15.64,1460,0,0,0,0,0,0,0
1434,16.64,1461,0,0,0,0,0,0,0
1435,17.64,1462,0,0,0,0,0,0,0
1436,18.64,1463,0,0,0,0,0,0,0
1437,19.65,1464,0,0,0,0,0,0,0
1438,20.44,1465,0,0,0,0,0,0,0
1439,21.44,1466,0,0,0,0,0,0,0
1440,22.45,1467,0,0,0,0,0,0,0
1441,23.44,1468,0,0,0,0,0,0,0
1442,24.44,1469,0,0,0,0,0,0,0
1443,25.45,1470,0,0,0,0,0,0,0
1444,26.45,1471,0,0,0,0,0,0,0
1445,27.45,1472,0,0,0,0,0,0,0
1446,28.45,1473,0,0,0,0,0,0,0
1447,29.45,1474,0,0,0,0,0,0,0
1448,30.45,1475,0,0,0,0,0,0,0
1449,31.44,1476,0,0,0,0,0,0,0
1450,32.45,1477,0,0,0,0,0,0,0
1451,33.45,1478,0,0,0,0,0,0,0
1452,34.45,1479,0,0,0,0,0,0,0
1453,35.44,1480,0,0,0,0,0,0,0
1454,36.45,1481,0,0,0,0,0,0,0
1455,37.45,1482,0,0,0,0,0,0,0
1456,38.45,1483,0,0,0,0,0,0,0
1457,0,1485,0,0,0,0,0,0,0
1458,1,1486,0,0,0,0,0,0,0
1459,2,1487,0,0,0,0,0,0,0
1460,3,1488,0,0,0,0,0,0,0
1461,4,1489,0,0,0,0,0,0,0
1462,5,1490,0,0,0,0,0,0,0
1463,6,1491,0,0,0,0,0,0,0
1464,7,1492,0,0,0,0,0,0,0
1465,8,1493,0,0,0,0,0,0,0
1466,9,1494,0,0,0,0,0,0,0
1467,10,1495,0,0,0,0,0,0,0
1468,11,1496,0,0,0,0,0,0,0
1469,12,1497,0,0,0,0,0,0,0
1470,13,1498,0,0,0,0,0,0,0
1471,14,1499,0,0,0,0,0,0,0
1472,15,1500,0,0,0,0,0,0,0
1473,16,1501,0,0,0,0,0,0,0
1474,16.99,1502,0,0,0,0,0,0,0
1475,18,1503,0,0,0,0,0,0,0
1476,19,1504,0,0,0,0,0,0,0
1477,20,1505,0,0,0,0,0,0,0
1478,21,1506,0,0,0,0,0,0,0
1479,22,1507,0,0,0,0,0,0,0
1480,23,1508,0,0,0,0,0,0,0
1481,24,1509,0,0,0,0,0,0,0
1482,25,1510,0,0,0,0,0,0,0
1483,26,1511,0,0,0,0,0,0,0
1484,26.99,1512,0,0,0,0,0,0,0
1485,28,1513,0,0,0,0,0,0,0
1486,29,1514,0,0,0,0,0,0,0
1487,30,1515,0,0,0,0,0,0,0
1488,31,1516,0,0,0,0,0,0,0
1489,32,1517,0,0,0,0,0,0,0
1490,33,1518,0,0,0,0,0,0,0
1491,34,1519,0,0,0,0,0,0,0
1492,35,1520,0,0,0,0,0,0,0
1493,0,1522,0,0,0,0,0,0,0
1494,1,1523,0,0,0,0,0,0,0
1495,2,1524,0,0,0,0,0,0,0
1496,3,1525,0,0,0,0,0,0,0
1497,4,1526,0,0,0,0,0,0,0
1498,5,1527,0,0,0,0,0,0,0
1499,6,1528,0,0,0,0,0,0,0
1500,7,1529,0,0,0,0,0,0,0
1501,8,1530,0,0,0,0,0,0,0
1502,8.99,1531,0,0,0,0,0,0,0
1503,10,1532,0,0,0,0,0,0,0
1504,11,1533,0,0,0,0,0,0,0
1505,12,1534,0,0,0,0,0,0,0
1506,0,1536,0,0,0,0,0,0,0
1507,1,1537,0,0,0,0,0,0,0
1508,2,1538,0,0,0,0,0,0,0
1509,3,1539,0,0,0,0,0,0,0
1510,4,1540,0,0,0,0,0,0,0
1511,5,1541,0,0,0,0,0,0,0
1512,5.99,1542,0,0,0,0,0,0,0
1513,7,1543,0,0,0,0,0,0,0
1514,8,1544,0,0,0,0,0,0,0
1515,9,1545,0,0,0,0,0,0,0
1516,10,1546,0,0,0,0,0,0,0
1517,11.01,1547,0,0,0,0,0,0,0
1518,12,1548,0,0,0,0,0,0,0
1519,13,1549,0,0,0,0,0,0,0
1520,14,1550,0,0,0,0,0,0,0
1521,15,1551,0,0,0,0,0,0,0
1522,16,1552,0,0,0,0,0,0,0
1523,17,1553,0,0,0,0,0,0,0
1524,18,1554,0,0,0,0,0,0,0
1525,19,1555,0,0,0,0,0,0,0
1526,20,1556,0,0,0,0,0,0,0
1527,21,1557,0,0,0,0,0,0,0
1528,22,1558,0,0,0,0,0,0,0
1529,23,1559,0,0,0,0,0,0,0
1530,24,1560,0,0,0,0,0,0,0
1531,25,1561,0,0,0,0,0,0,0
1532,26,1562,0,0,0,0,0,0,0
1533,27,1563,0,0,0,0,0,0,0
1534,28,1564,0,0,0,0,0,0,0
1535,29,1565,0,0,0,0,0,0,0
1536,30,1566,0,0,0,0,0,0,0
1537,31,1567,0,0,0,0,0,0,0
1538,32,1568,0,0,0,0,0,0,0
1539,33,1569,0,0,0,0,0,0,0
1540,34,1570,0,0,0,0,0,0,0
1541,35,1571,0,0,0,0,0,0,0
1542,36,1572,0,0,0,0,0,0,0
1543,37,1573,0,0,0,0,0,0,0
1544,38,1574,0,0,0,0,0,0,0
1545,39,1575,0,0,0,0,0,0,0
1546,40,1576,0,0,0,0,0,0,0
1547,40.99,1577,0,0,0,0,0,0,0
1548,42,1578,0,0,0,0,0,0,0
1549,43,1579,0,0,0,0,0,0,0
1550,0,1581,0,0,0,0,0,0,0
1551,1,1582,0,0,0,0,0,0,0
1552,2,1583,0,0,0,0,0,0,0
1553,2.99,1584,0,0,0,0,0,0,0
1554,4,1585,0,0,0,0,0,0,0
1555,5,1586,0,0,0,0,0,0,0
1556,5.99,1587,0,0,0,0,0,0,0
1557,7,1588,0,0,0,0,0,0,0
1558,8,1589,0,0,0,0,0,0,0
1559,8.99,1590,0,0,0,0,0,0,0
1560,10,1591,0,0,0,0,0,0,0
1561,10.99,1592,0,0,0,0,0,0,0
1562,11.99,1593,0,0,0,0,0,0,0
1563,0,1595,0,0,0,0,0,0,0
1564,1,1596,0,0,0,0,0,0,0
1565,2,1597,0,0,0,0,0,0,0
1566,3,1598,0,0,0,0,0,0,0
1567,4,1599,0,0,0,0,0,0,0
1568,5,1600,0,0,0,0,0,0,0
1569,6,1601,0,0,0,0,0,0,0
1570,7,1602,0,0,0,0,0,0,0
1571,8,1603,0,0,0,0,0,0,0
1572,9,1604,0,0,0,0,0,0,0
1573,10,1605,0,0,0,0,0,0,0
1574,11,1606,0,0,0,0,0,0,0
1575,12,1607,0,0,0,0,0,0,0
1576,0,1609,0,0,0,0,0,0,0
1577,1,1610,0,0,0,0,0,0,0
1578,2.01,1611,0,0,0,0,0,0,0
1579,3.01,1612,0,0,0,0,0,0,0
1580,4,1613,0,0,0,0,0,0,0
1581,5,1614,0,0,0,0,0,0,0
1582,6,1615,0,0,0,0,0,0,0
1583,7,1616,0,0,0,0,0,0,0
1584,8,1617,0,0,0,0,0,0,0
1585,9,1618,0,0,0,0,0,0,0
1586,10,1619,0,0,0,0,0,0,0
1587,11,1620,0,0,0,0,0,0,0
1588,12,1621,0,0,0,0,0,0,0
1589,13,1622,0,0,0,0,0,0,0
1590,14,1623,0,0,0,0,0,0,0
1591,15,1624,0,0,0,0,0,0,0
1592,16,1625,0,0,0,0,0,0,0
1593,17.01,1626,0,0,0,0,0,0,0
1594,18,1627,0,0,0,0,0,0,0
1595,19,1628,0,0,0,0,0,0,0
1596,20,1629,0,0,0,0,0,0,0
1597,21,1630,0,0,0,0,0,0,0
1598,22,1631,0,0,0,0,0,0,0
1599,23,1632,0,0,0,0,0,0,0
1600,24,1633,0,0,0,0,0,0,0
1601,25,1634,0,0,0,0,0,0,0
1602,26,1635,0,0,0,0,0,0,0
1603,27,1636,0,0,0,0,0,0,0
1604,28,1637,0,0,0,0,0,0,0
1605,28.72,1638,0,0,0,0,0,0,0
1606,29.73,1639,0,0,0,0,0,0,0
1607,30.73,1640,0,0,0,0,0,0,0
1608,31.73,1641,0,0,0,0,0,0,0
1609,32.72,1642,0,0,0,0,0,0,0
1610,33.72,1643,0,0,0,0,0,0,0
1611,34.73,1644,0,0,0,0,0,0,0
1612,35.73,1645,0,0,0,0,0,0,0
1613,36.72,1646,0,0,0,0,0,0,0
1614,37.17,1647,0,0,0,0,0,0,0
1615,38.17,1648,0,0,0,0,0,0,0
1616,39.17,1649,0,0,0,0,0,0,0
1617,40.16,1650,0,0,0,0,0,0,0
1618,41.16,1651,0,0,0,0,0,0,0
1619,42.16,1652,0,0,0,0,0,0,0
1620,43.17,1653,0,0,0,0,0,0,0
1621,44.17,1654,0,0,0,0,0,0,0
1622,45.17,1655,0,0,0,0,0,0,0
1623,46.17,1656,0,0,0,0,0,0,0
1624,47.17,1657,0,0,0,0,0,0,0
1625,48.17,1658,0,0,0,0,0,0,0
1626,49.16,1659,0,0,0,0,0,0,0
1627,50.16,1660,0,0,0,0,0,0,0
1628,51.17,1661,0,0,0,0,0,0,0
1629,52.17,1662,0,0,0,0,0,0,0
1630,53.17,1663,0,0,0,0,0,0,0
1631,54.17,1664,0,0,0,0,0,0,0
1632,55.17,1665,0,0,0,0,0,0,0
1633,56.17,1666,0,0,0,0,0,0,0
1634,57.16,1667,0,0,0,0,0,0,0
1635,58.16,1668,0,0,0,0,0,0,0
1636,59.17,1669,0,0,0,0,0,0,0
1637,60.17,1670,0,0,0,0,0,0,0
1638,61.17,1671,0,0,0,0,0,0,0
1639,62.17,1672,0,0,0,0,0,0,0
1640,63.17,1673,0,0,0,0,0,0,0
1641,64.17,1674,0,0,0,0,0,0,0
1642,65.16,1675,0,0,0,0,0,0,0
1643,66.16,1676,0,0,0,0,0,0,0
1644,67.17,1677,0,0,0,0,0,0,0
1645,68.17,1678,0,0,0,0,0,0,0
1646,69.17,1679,0,0,0,0,0,0,0
1647,70.17,1680,0,0,0,0,0,0,0
1648,71.17,1681,0,0,0,0,0,0,0
1649,72.17,1682,0,0,0,0,0,0,0
1650,73.16,1683,0,0,0,0,0,0,0
1651,74.16,1684,0,0,0,0,0,0,0
1652,75.17,1685,0,0,0,0,0,0,0
1653,76.17,1686,0,0,0,0,0,0,0
1654,77.17,1687,0,0,0,0,0,0,0
1655,78.17,1688,0,0,0,0,0,0,0
1656,0,1690,0,0,0,0,0,0,0
1657,1,1691,0,0,0,0,0,0,0
1658,2,1692,0,0,0,0,0,0,0
1659,3,1693,0,0,0,0,0,0,0
1660,4,1694,0,0,0,0,0,0,0
1661,4.99,1695,0,0,0,0,0,0,0
1662,6,1696,0,0,0,0,0,0,0
1663,7,1697,0,0,0,0,0,0,0
1664,8,1698,0,0,0,0,0,0,0
1665,9,1699,0,0,0,0,0,0,0
1666,10,1700,0,0,0,0,0,0,0
1667,0,1702,0,0,0,0,0,0,0
1668,1,1703,0,0,0,0,0,0,0
1669,1.99,1704,0,0,0,0,0,0,0
1670,3,1705,0,0,0,0,0,0,0
1671,4,1706,0,0,0,0,0,0,0
1672,5,1707,0,0,0,0,0,0,0
1673,6,1708,0,0,0,0,0,0,0
1674,7.01,1709,0,0,0,0,0,0,0
1675,8,1710,0,0,0,0,0,0,0
1676,9,1711,0,0,0,0,0,0,0
1677,10,1712,0,0,0,0,0,0,0
1678,11,1713,0,0,0,0,0,0,0
1679,0,1715,0,0,0,0,0,0,0
1680,1,1716,0,0,0,0,0,0,0
1681,2,1717,0,0,0,0,0,0,0
1682,3,1718,0,0,0,0,0,0,0
1683,4,1719,0,0,0,0,0,0,0
1684,5,1720,0,0,0,0,0,0,0
1685,6,1721,0,0,0,0,0,0,0
1686,7,1722,0,0,0,0,0,0,0
1687,8,1723,0,0,0,0,0,0,0
1688,9,1724,0,0,0,0,0,0,0
1689,10,1725,0,0,0,0,0,0,0
1690,11,1726,0,0,0,0,0,0,0
1691,12,1727,0,0,0,0,0,0,0
1692,13,1728,0,0,0,0,0,0,0
1693,14,1729,0,0,0,0,0,0,0
1694,15,1730,0,0,0,0,0,0,0
1695,16,1731,0,0,0,0,0,0,0
1696,17,1732,0,0,0,0,0,0,0
1697,18,1733,0,0,0,0,0,0,0
1698,19,1734,0,0,0,0,0,0,0
1699,0,1736,0,0,0,0,0,0,0
1700,1,1737,0,0,0,0,0,0,0
1701,2,1738,0,0,0,0,0,0,0
1702,3,1739,0,0,0,0,0,0,0
1703,4,1740,0,0,0,0,0,0,0
1704,5,1741,0,0,0,0,0,0,0
1705,6,1742,0,0,0,0,0,0,0
1706,7,1743,0,0,0,0,0,0,0
1707,8,1744,0,0,0,0,0,0,0
1708,9,1745,0,0,0,0,0,0,0
1709,10,1746,0,0,0,0,0,0,0
1710,11,1747,0,0,0,0,0,0,0
1711,12,1748,0,0,0,0,0,0,0
1712,13,1749,0,0,0,0,0,0,0
1713,14,1750,0,0,0,0,0,0,0
1714,15,1751,0,0,0,0,0,0,0
1715,16,1752,0,0,0,0,0,0,0
1716,17,1753,0,0,0,0,0,0,0
1717,0,1755,0,0,0,0,0,0,0
1718,1,1756,0,0,0,0,0,0,0
1719,2,1757,0,0,0,0,0,0,0
1720,3,1758,0,0,0,0,0,0,0
1721,4,1759,0,0,0,0,0,0,0
1722,5.01,1760,0,0,0,0,0,0,0
1723,6,1761,0,0,0,0,0,0,0
1724,7,1762,0,0,0,0,0,0,0
1725,8,1763,0,0,0,0,0,0,0
1726,9,1764,0,0,0,0,0,0,0
1727,10,1765,0,0,0,0,0,0,0
1728,11,1766,0,0,0,0,0,0,0
1729,12,1767,0,0,0,0,0,0,0
1730,13,1768,0,0,0,0,0,0,0
1731,14,1769,0,0,0,0,0,0,0
1732,15.01,1770,0,0,0,0,0,0,0
1733,16,1771,0,0,0,0,0,0,0
1734,17,1772,0,0,0,0,0,0,0
1735,18,1773,0,0,0,0,0,0,0
1736,19,1774,0,0,0,0,0,0,0
1737,20,1775,0,0,0,0,0,0,0
1738,21.01,1776,0,0,0,0,0,0,0
1739,22,1777,0,0,0,0,0,0,0
1740,23,1778,0,0,0,0,0,0,0
1741,24,1779,0,0,0,0,0,0,0
1742,25,1780,0,0,0,0,0,0,0
1743,26,1781,0,0,0,0,0,0,0
1744,27,1782,0,0,0,0,0,0,0
1745,28,1783,0,0,0,0,0,0,0
1746,29,1784,0,0,0,0,0,0,0
1747,30,1785,0,0,0,0,0,0,0
1748,31.01,1786,0,0,0,0,0,0,0
1749,32,1787,0,0,0,0,0,0,0
1750,33,1788,0,0,0,0,0,0,0
1751,34,1789,0,0,0,0,0,0,0
1752,35.01,1790,0,0,0,0,0,0,0
1753,36,1791,0,0,0,0,0,0,0
1754,36.99,1792,0,0,0,0,0,0,0
1755,38,1793,0,0,0,0,0,0,0
1756,39,1794,0,0,0,0,0,0,0
1757,0,1796,0,0,0,0,0,0,0
1758,1,1797,0,0,0,0,0,0,0
1759,2,1798,0,0,0,0,0,0,0
1760,3,1799,0,0,0,0,0,0,0
1761,4.01,1800,0,0,0,0,0,0,0
1762,5,1801,0,0,0,0,0,0,0
1763,6,1802,0,0,0,0,0,0,0
1764,7,1803,0,0,0,0,0,0,0
1765,8,1804,0,0,0,0,0,0,0
1766,9,1805,0,0,0,0,0,0,0
1767,10,1806,0,0,0,0,0,0,0
1768,11.01,1807,0,0,0,0,0,0,0
1769,12,1808,0,0,0,0,0,0,0
1770,13,1809,0,0,0,0,0,0,0
1771,14,1810,0,0,0,0,0,0,0
1772,15,1811,0,0,0,0,0,0,0
1773,0,1813,0,0,0,0,0,0,0
1774,1,1814,0,0,0,0,0,0,0
1775,2.01,1815,0,0,0,0,0,0,0
1776,3,1816,0,0,0,0,0,0,0
1777,4,1817,0,0,0,0,0,0,0
1778,5,1818,0,0,0,0,0,0,0
1779,6.01,1819,0,0,0,0,0,0,0
1780,7,1820,0,0,0,0,0,0,0
1781,8,1821,0,0,0,0,0,0,0
1782,9,1822,0,0,0,0,0,0,0
1783,10,1823,0,0,0,0,0,0,0
1784,11,1824,0,0,0,0,0,0,0
1785,12,1825,0,0,0,0,0,0,0
1786,13,1826,0,0,0,0,0,0,0
1787,13.99,1827,0,0,0,0,0,0,0
1788,15,1828,0,0,0,0,0,0,0
1789,16,1829,0,0,0,0,0,0,0
1790,17,1830,0,0,0,0,0,0,0
1791,18,1831,0,0,0,0,0,0,0
1792,19,1832,0,0,0,0,0,0,0
1793,20,1833,0,0,0,0,0,0,0
1794,21,1834,0,0,0,0,0,0,0
1795,22,1835,0,0,0,0,0,0,0
1796,23,1836,0,0,0,0,0,0,0
1797,24,1837,0,0,0,0,0,0,0
1798,25,1838,0,0,0,0,0,0,0
1799,26,1839,0,0,0,0,0,0,0
1800,27,1840,0,0,0,0,0,0,0
1801,27.99,1841,0,0,0,0,0,0,0
1802,29,1842,0,0,0,0,0,0,0
1803,30,1843,0,0,0,0,0,0,0
1804,31,1844,0,0,0,0,0,0,0
1805,32,1845,0,0,0,0,0,0,0
1806,33,1846,0,0,0,0,0,0,0
1807,34,1847,0,0,0,0,0,0,0
1808,35,1848,0,0,0,0,0,0,0
