PID,B,L,H,Bx,Ly,ReF,MCODE1,MCODE2,MCODE3
1,0,0,-0.77,0.25,-14.35,0,0,0,0
2,0,0,-0.78,-0.63,-13.75,0,0,0,0
3,0,0,-0.78,-0.79,-13.71,0,0,0,0
4,0,0,-0.78,-0.96,-13.71,0,0,0,0
5,0,0,-0.78,-1.14,-13.73,0,0,0,0
6,0,0,-0.78,-1.31,-13.77,0,0,0,0
7,0,0,-0.78,-1.47,-13.83,0,0,0,0
8,0,0,-0.78,-1.62,-13.92,0,0,0,0
9,0,0,-0.78,-1.75,-14.02,0,0,0,0
10,0,0,-0.78,-1.85,-14.15,0,0,0,0
11,0,0,-0.78,-1.86,-14.16,0,0,0,0
12,0,0,-0.78,-2.39,-14.98,0,0,0,0
13,0,0,-0.78,-2.5,-15.11,0,0,0,0
14,0,0,-0.78,-2.62,-15.21,0,0,0,0
15,0,0,-0.78,-2.77,-15.29,0,0,0,0
16,0,0,-0.78,-2.93,-15.35,0,0,0,0
17,0,0,-0.78,-3.1,-15.38,0,0,0,0
18,0,0,-0.78,-3.27,-15.39,0,0,0,0
19,0,0,-0.78,-3.44,-15.37,0,0,0,0
20,0,0,-0.78,-3.59,-15.32,0,0,0,0
21,0,0,-0.78,-3.73,-15.25,0,0,0,0
22,0,0,-0.78,-3.73,-15.25,0,0,0,0
23,0,0,-0.78,-4.53,-14.7,0,0,0,0
24,0,0,-0.78,-5.34,-14.14,0,0,0,0
25,0,0,-0.78,-6.14,-13.59,0,0,0,0
26,0,0,-0.78,-6.95,-13.03,0,0,0,0
27,0,0,-0.78,-7.75,-12.48,0,0,0,0
28,0,0,-0.78,-8.55,-11.93,0,0,0,0
29,0,0,-0.78,-9.36,-11.37,0,0,0,0
30,0,0,-0.78,-10.16,-10.82,0,0,0,0
31,0,0,-0.78,-10.96,-10.26,0,0,0,0
32,0,0,-0.78,-11.77,-9.71,0,0,0,0
33,0,0,-0.78,-12.57,-9.16,0,0,0,0
34,0,0,-0.78,-13.37,-8.6,0,0,0,0
35,0,0,-0.78,-14.18,-8.05,0,0,0,0
36,0,0,-0.78,-14.98,-7.49,0,0,0,0
37,0,0,-0.78,-15.78,-6.94,0,0,0,0
38,0,0,-0.78,-16.59,-6.39,0,0,0,0
39,0,0,-0.78,-16.97,-6.11,0,0,0,0
40,0,0,-0.78,-17.03,-6.03,0,0,0,0
41,0,0,-0.78,-17.08,-5.93,0,0,0,0
42,0,0,-0.78,-17.12,-5.83,0,0,0,0
43,0,0,-0.78,-17.15,-5.72,0,0,0,0
44,0,0,-0.78,-17.16,-5.61,0,0,0,0
45,0,0,-0.78,-17.15,-5.5,0,0,0,0
46,0,0,-0.78,-17.13,-5.4,0,0,0,0
47,0,0,-0.78,-17.09,-5.3,0,0,0,0
48,0,0,-0.78,-17.09,-5.3,0,0,0,0
49,0,0,-0.78,-16.79,-4.78,0,0,0,0
50,0,0,-0.78,-16.64,-4.16,0,0,0,0
51,0,0,-0.78,-16.48,-3.55,0,0,0,0
52,0,0,-0.78,-16.49,-2.92,0,0,0,0
53,0,0,-0.78,-16.49,-2.29,0,0,0,0
54,0,0,-0.78,-16.66,-1.68,0,0,0,0
55,0,0,-0.78,-16.83,-1.07,0,0,0,0
56,0,0,-0.78,-17.15,-0.54,0,0,0,0
57,0,0,-0.78,-17.47,0,0,0,0,0
58,0,0,-0.78,-17.88,0.44,0,0,0,0
59,0,0,-0.78,-17.95,0.52,0,0,0,0
60,0,0,-0.78,-18,0.62,0,0,0,0
61,0,0,-0.78,-18.05,0.73,0,0,0,0
62,0,0,-0.78,-18.09,0.86,0,0,0,0
63,0,0,-0.78,-18.12,0.99,0,0,0,0
64,0,0,-0.78,-18.13,1.12,0,0,0,0
65,0,0,-0.78,-18.14,1.24,0,0,0,0
66,0,0,-0.78,-18.13,1.36,0,0,0,0
67,0,0,-0.78,-18.11,1.46,0,0,0,0
68,0,0,-0.78,-17.99,1.8,0,0,0,0
69,0,0,-0.78,-17.47,2.56,0,0,0,0
70,0,0,-0.78,-16.94,3.33,0,0,0,0
71,0,0,-0.78,-16.42,4.1,0,0,0,0
72,0,0,-0.78,-15.89,4.86,0,0,0,0
73,0,0,-0.78,-15.37,5.63,0,0,0,0
74,0,0,-0.78,-14.84,6.4,0,0,0,0
75,0,0,-0.78,-14.32,7.16,0,0,0,0
76,0,0,-0.78,-14.07,7.51,0,0,0,0
77,0,0,-0.78,-13.98,7.59,0,0,0,0
78,0,0,-0.78,-13.88,7.67,0,0,0,0
79,0,0,-0.78,-13.77,7.75,0,0,0,0
80,0,0,-0.78,-13.65,7.82,0,0,0,0
81,0,0,-0.78,-13.53,7.88,0,0,0,0
82,0,0,-0.78,-13.41,7.93,0,0,0,0
83,0,0,-0.78,-13.3,7.96,0,0,0,0
84,0,0,-0.78,-13.2,7.98,0,0,0,0
85,0,0,-0.78,-13.2,7.98,0,0,0,0
86,0,0,-0.78,-12.65,8.1,0,0,0,0
87,0,0,-0.78,-12.09,8.23,0,0,0,0
88,0,0,-0.78,-11.57,8.41,0,0,0,0
89,0,0,-0.78,-11.05,8.59,0,0,0,0
90,0,0,-0.78,-10.55,8.83,0,0,0,0
91,0,0,-0.78,-10.06,9.07,0,0,0,0
92,0,0,-0.78,-9.59,9.35,0,0,0,0
93,0,0,-0.78,-9.12,9.62,0,0,0,0
94,0,0,-0.78,-8.67,9.95,0,0,0,0
95,0,0,-0.78,-8.23,10.27,0,0,0,0
96,0,0,-0.78,-7.82,10.64,0,0,0,0
97,0,0,-0.78,-7.42,11.01,0,0,0,0
98,0,0,-0.78,-7.05,11.4,0,0,0,0
99,0,0,-0.78,-6.68,11.8,0,0,0,0
100,0,0,-0.78,-6.34,12.24,0,0,0,0
101,0,0,-0.78,-6.28,12.3,0,0,0,0
102,0,0,-0.78,-6.2,12.36,0,0,0,0
103,0,0,-0.78,-6.1,12.41,0,0,0,0
104,0,0,-0.78,-6,12.45,0,0,0,0
105,0,0,-0.78,-5.9,12.48,0,0,0,0
106,0,0,-0.78,-5.79,12.5,0,0,0,0
107,0,0,-0.78,-5.68,12.5,0,0,0,0
108,0,0,-0.78,-5.58,12.49,0,0,0,0
109,0,0,-0.78,-5.49,12.47,0,0,0,0
110,0,0,-0.78,-5.11,12.31,0,0,0,0
111,0,0,-0.78,-4.34,11.75,0,0,0,0
112,0,0,-0.78,-3.56,11.2,0,0,0,0
113,0,0,-0.78,-2.79,10.64,0,0,0,0
114,0,0,-0.78,-2.01,10.08,0,0,0,0
115,0,0,-0.78,-1.24,9.53,0,0,0,0
116,0,0,-0.78,-0.46,8.97,0,0,0,0
117,0,0,-0.78,0.31,8.41,0,0,0,0
118,0,0,-0.78,1.09,7.85,0,0,0,0
119,0,0,-0.78,1.86,7.3,0,0,0,0
120,0,0,-0.78,2.64,6.74,0,0,0,0
121,0,0,-0.78,3.42,6.18,0,0,0,0
122,0,0,-0.78,4.19,5.63,0,0,0,0
123,0,0,-0.78,4.97,5.07,0,0,0,0
124,0,0,-0.78,5.74,4.51,0,0,0,0
125,0,0,-0.78,6.52,3.96,0,0,0,0
126,0,0,-0.78,7.29,3.4,0,0,0,0
127,0,0,-0.78,8.07,2.84,0,0,0,0
128,0,0,-0.78,8.18,2.74,0,0,0,0
129,0,0,-0.78,8.28,2.61,0,0,0,0
130,0,0,-0.78,8.35,2.46,0,0,0,0
131,0,0,-0.78,8.41,2.29,0,0,0,0
132,0,0,-0.78,8.44,2.12,0,0,0,0
133,0,0,-0.78,8.45,1.95,0,0,0,0
134,0,0,-0.78,8.43,1.78,0,0,0,0
135,0,0,-0.78,8.39,1.62,0,0,0,0
136,0,0,-0.78,8.32,1.49,0,0,0,0
137,0,0,-0.78,8.31,1.46,0,0,0,0
138,0,0,-0.78,7.77,0.64,0,0,0,0
139,0,0,-0.78,7.24,-0.18,0,0,0,0
140,0,0,-0.78,6.7,-1,0,0,0,0
141,0,0,-0.78,6.17,-1.83,0,0,0,0
142,0,0,-0.78,5.63,-2.65,0,0,0,0
143,0,0,-0.78,5.1,-3.47,0,0,0,0
144,0,0,-0.78,4.56,-4.29,0,0,0,0
145,0,0,-0.78,4.03,-5.11,0,0,0,0
146,0,0,-0.78,3.49,-5.94,0,0,0,0
147,0,0,-0.78,2.96,-6.76,0,0,0,0
148,0,0,-0.78,2.42,-7.58,0,0,0,0
149,0,0,-0.78,1.89,-8.4,0,0,0,0
150,0,0,-0.78,1.35,-9.23,0,0,0,0
151,0,0,-0.78,0.82,-10.05,0,0,0,0
152,0,0,-0.78,0.28,-10.87,0,0,0,0
153,0,0,-0.78,-0.24,-11.68,0,0,0,0
154,0,0,-0.78,-0.24,-11.68,0,0,0,0
155,0,0,-0.78,-0.24,-11.68,0,0,0,0
156,0,0,-0.78,-0.24,-11.68,0,0,0,0
157,0,0,-0.78,-0.24,-11.68,0,0,0,0
158,0,0,-0.78,-0.24,-11.68,0,0,0,0
159,0,0,-0.78,-0.24,-11.68,0,0,0,0
160,0,0,-0.78,-0.24,-11.68,0,0,0,0
161,0,0,-0.78,-0.24,-11.68,0,0,0,0
162,0,0,-0.78,-0.25,-11.69,0,0,0,0
163,0,0,-0.78,-0.25,-11.69,0,0,0,0
164,0,0,-0.78,-0.25,-11.69,0,0,0,0
165,0,0,-0.78,-0.25,-11.69,0,0,0,0
166,0,0,-0.78,-0.25,-11.69,0,0,0,0
167,0,0,-0.78,-0.25,-11.69,0,0,0,0
168,0,0,-0.78,-0.25,-11.69,0,0,0,0
169,0,0,-0.78,-0.25,-11.69,0,0,0,0
170,0,0,-0.78,-0.26,-11.69,0,0,0,0
171,0,0,-0.78,-0.43,-11.9,0,0,0,0
172,0,0,-0.78,-0.64,-12.05,0,0,0,0
173,0,0,-0.78,-0.86,-12.14,0,0,0,0
174,0,0,-0.78,-1.08,-12.2,0,0,0,0
175,0,0,-0.78,-1.31,-12.25,0,0,0,0
176,0,0,-0.78,-1.53,-12.31,0,0,0,0
177,0,0,-0.78,-1.75,-12.4,0,0,0,0
178,0,0,-0.78,-1.96,-12.55,0,0,0,0
179,0,0,-0.78,-2.14,-12.76,0,0,0,0
180,0,0,-0.78,-2.14,-12.76,0,0,0,0
181,0,0,-0.78,-2.14,-12.76,0,0,0,0
182,0,0,-0.78,-2.14,-12.76,0,0,0,0
183,0,0,-0.78,-2.14,-12.76,0,0,0,0
184,0,0,-0.78,-2.14,-12.76,0,0,0,0
185,0,0,-0.78,-2.14,-12.76,0,0,0,0
186,0,0,-0.78,-2.14,-12.75,0,0,0,0
187,0,0,-0.78,-2.14,-12.75,0,0,0,0
188,0,0,-0.78,-2.15,-12.77,0,0,0,0
189,0,0,-0.78,-2.15,-12.77,0,0,0,0
190,0,0,-0.78,-2.15,-12.77,0,0,0,0
191,0,0,-0.78,-2.15,-12.77,0,0,0,0
192,0,0,-0.78,-2.15,-12.77,0,0,0,0
193,0,0,-0.78,-2.15,-12.77,0,0,0,0
194,0,0,-0.78,-2.15,-12.77,0,0,0,0
195,0,0,-0.78,-2.15,-12.77,0,0,0,0
196,0,0,-0.78,-2.15,-12.77,0,0,0,0
197,0,0,-0.78,-2.67,-13.58,0,0,0,0
198,0,0,-0.78,-2.77,-13.7,0,0,0,0
199,0,0,-0.78,-2.9,-13.8,0,0,0,0
200,0,0,-0.78,-3.05,-13.88,0,0,0,0
201,0,0,-0.78,-3.21,-13.94,0,0,0,0
202,0,0,-0.78,-3.38,-13.97,0,0,0,0
203,0,0,-0.78,-3.55,-13.98,0,0,0,0
204,0,0,-0.78,-3.71,-13.96,0,0,0,0
205,0,0,-0.78,-3.87,-13.92,0,0,0,0
206,0,0,-0.78,-4.01,-13.84,0,0,0,0
207,0,0,-0.78,-4.01,-13.84,0,0,0,0
208,0,0,-0.78,-4.81,-13.29,0,0,0,0
209,0,0,-0.78,-5.62,-12.73,0,0,0,0
210,0,0,-0.78,-6.42,-12.18,0,0,0,0
211,0,0,-0.78,-7.23,-11.63,0,0,0,0
212,0,0,-0.78,-8.03,-11.07,0,0,0,0
213,0,0,-0.78,-8.83,-10.52,0,0,0,0
214,0,0,-0.78,-9.64,-9.96,0,0,0,0
215,0,0,-0.78,-10.44,-9.41,0,0,0,0
216,0,0,-0.78,-11.25,-8.85,0,0,0,0
217,0,0,-0.78,-12.05,-8.3,0,0,0,0
218,0,0,-0.78,-12.85,-7.75,0,0,0,0
219,0,0,-0.78,-13.66,-7.19,0,0,0,0
220,0,0,-0.78,-14.46,-6.64,0,0,0,0
221,0,0,-0.78,-15.27,-6.08,0,0,0,0
222,0,0,-0.78,-15.77,-5.73,0,0,0,0
223,0,0,-0.78,-15.81,-5.67,0,0,0,0
224,0,0,-0.78,-15.85,-5.6,0,0,0,0
225,0,0,-0.78,-15.88,-5.53,0,0,0,0
226,0,0,-0.78,-15.9,-5.45,0,0,0,0
227,0,0,-0.78,-15.91,-5.37,0,0,0,0
228,0,0,-0.78,-15.9,-5.29,0,0,0,0
229,0,0,-0.78,-15.89,-5.22,0,0,0,0
230,0,0,-0.78,-15.86,-5.15,0,0,0,0
231,0,0,-0.78,-15.86,-5.15,0,0,0,0
232,0,0,-0.78,-15.67,-4.41,0,0,0,0
233,0,0,-0.78,-15.48,-3.67,0,0,0,0
234,0,0,-0.78,-15.49,-2.91,0,0,0,0
235,0,0,-0.78,-15.49,-2.14,0,0,0,0
236,0,0,-0.78,-15.7,-1.41,0,0,0,0
237,0,0,-0.78,-15.91,-0.68,0,0,0,0
238,0,0,-0.78,-16.28,-0.04,0,0,0,0
239,0,0,-0.78,-16.66,0.6,0,0,0,0
240,0,0,-0.78,-16.74,0.71,0,0,0,0
241,0,0,-0.78,-16.81,0.83,0,0,0,0
242,0,0,-0.78,-16.85,0.97,0,0,0,0
243,0,0,-0.78,-16.88,1.12,0,0,0,0
244,0,0,-0.78,-16.89,1.28,0,0,0,0
245,0,0,-0.78,-16.89,1.43,0,0,0,0
246,0,0,-0.78,-16.86,1.58,0,0,0,0
247,0,0,-0.78,-16.82,1.71,0,0,0,0
248,0,0,-0.78,-16.76,1.83,0,0,0,0
249,0,0,-0.78,-16.71,1.9,0,0,0,0
250,0,0,-0.78,-16.21,2.62,0,0,0,0
251,0,0,-0.78,-15.72,3.35,0,0,0,0
252,0,0,-0.78,-15.22,4.07,0,0,0,0
253,0,0,-0.78,-14.73,4.8,0,0,0,0
254,0,0,-0.78,-14.23,5.52,0,0,0,0
255,0,0,-0.78,-13.73,6.25,0,0,0,0
256,0,0,-0.78,-13.33,6.84,0,0,0,0
257,0,0,-0.78,-13.3,6.86,0,0,0,0
258,0,0,-0.78,-13.27,6.89,0,0,0,0
259,0,0,-0.78,-13.23,6.91,0,0,0,0
260,0,0,-0.78,-13.19,6.94,0,0,0,0
261,0,0,-0.78,-13.15,6.96,0,0,0,0
262,0,0,-0.78,-13.12,6.97,0,0,0,0
263,0,0,-0.78,-13.08,6.98,0,0,0,0
264,0,0,-0.78,-13.05,6.99,0,0,0,0
265,0,0,-0.78,-13.05,6.99,0,0,0,0
266,0,0,-0.78,-12.43,7.13,0,0,0,0
267,0,0,-0.78,-11.82,7.26,0,0,0,0
268,0,0,-0.78,-11.24,7.47,0,0,0,0
269,0,0,-0.78,-10.67,7.67,0,0,0,0
270,0,0,-0.78,-10.13,7.93,0,0,0,0
271,0,0,-0.78,-9.59,8.18,0,0,0,0
272,0,0,-0.78,-9.08,8.49,0,0,0,0
273,0,0,-0.78,-8.57,8.79,0,0,0,0
274,0,0,-0.78,-8.08,9.14,0,0,0,0
275,0,0,-0.78,-7.6,9.5,0,0,0,0
276,0,0,-0.78,-7.16,9.9,0,0,0,0
277,0,0,-0.78,-6.71,10.29,0,0,0,0
278,0,0,-0.78,-6.31,10.72,0,0,0,0
279,0,0,-0.78,-5.91,11.15,0,0,0,0
280,0,0,-0.78,-5.87,11.2,0,0,0,0
281,0,0,-0.78,-5.81,11.24,0,0,0,0
282,0,0,-0.78,-5.75,11.27,0,0,0,0
283,0,0,-0.78,-5.67,11.29,0,0,0,0
284,0,0,-0.78,-5.6,11.3,0,0,0,0
285,0,0,-0.78,-5.53,11.3,0,0,0,0
286,0,0,-0.78,-5.46,11.29,0,0,0,0
287,0,0,-0.78,-5.39,11.27,0,0,0,0
288,0,0,-0.78,-5.33,11.24,0,0,0,0
289,0,0,-0.78,-4.89,10.92,0,0,0,0
290,0,0,-0.78,-4.12,10.37,0,0,0,0
291,0,0,-0.78,-3.34,9.81,0,0,0,0
292,0,0,-0.78,-2.57,9.25,0,0,0,0
293,0,0,-0.78,-1.8,8.7,0,0,0,0
294,0,0,-0.78,-1.02,8.14,0,0,0,0
295,0,0,-0.78,-0.25,7.59,0,0,0,0
296,0,0,-0.78,0.52,7.03,0,0,0,0
297,0,0,-0.78,1.3,6.48,0,0,0,0
298,0,0,-0.78,2.07,5.92,0,0,0,0
299,0,0,-0.78,2.84,5.36,0,0,0,0
300,0,0,-0.78,3.62,4.81,0,0,0,0
301,0,0,-0.78,4.39,4.25,0,0,0,0
302,0,0,-0.78,5.16,3.7,0,0,0,0
303,0,0,-0.78,5.94,3.14,0,0,0,0
304,0,0,-0.78,6.71,2.59,0,0,0,0
305,0,0,-0.78,6.82,2.48,0,0,0,0
306,0,0,-0.78,6.92,2.35,0,0,0,0
307,0,0,-0.78,7,2.2,0,0,0,0
308,0,0,-0.78,7.05,2.04,0,0,0,0
309,0,0,-0.78,7.08,1.87,0,0,0,0
310,0,0,-0.78,7.09,1.69,0,0,0,0
311,0,0,-0.78,7.08,1.53,0,0,0,0
312,0,0,-0.78,7.03,1.37,0,0,0,0
313,0,0,-0.78,6.96,1.23,0,0,0,0
314,0,0,-0.78,6.95,1.21,0,0,0,0
315,0,0,-0.78,6.41,0.39,0,0,0,0
316,0,0,-0.78,5.88,-0.43,0,0,0,0
317,0,0,-0.78,5.34,-1.26,0,0,0,0
318,0,0,-0.78,4.81,-2.08,0,0,0,0
319,0,0,-0.78,4.28,-2.9,0,0,0,0
320,0,0,-0.78,3.74,-3.72,0,0,0,0
321,0,0,-0.78,3.21,-4.54,0,0,0,0
322,0,0,-0.78,2.67,-5.36,0,0,0,0
323,0,0,-0.78,2.14,-6.18,0,0,0,0
324,0,0,-0.78,1.6,-7,0,0,0,0
325,0,0,-0.78,1.07,-7.83,0,0,0,0
326,0,0,-0.78,0.53,-8.65,0,0,0,0
327,0,0,-0.78,0,-9.47,0,0,0,0
328,0,0,-0.78,-0.52,-10.27,0,0,0,0
329,0,0,-0.78,-0.52,-10.27,0,0,0,0
330,0,0,-0.78,-0.52,-10.27,0,0,0,0
331,0,0,-0.78,-0.52,-10.27,0,0,0,0
332,0,0,-0.78,-0.52,-10.27,0,0,0,0
333,0,0,-0.78,-0.52,-10.27,0,0,0,0
334,0,0,-0.78,-0.52,-10.27,0,0,0,0
335,0,0,-0.78,-0.52,-10.27,0,0,0,0
336,0,0,-0.78,-0.52,-10.27,0,0,0,0
337,0,0,-0.78,-0.53,-10.29,0,0,0,0
338,0,0,-0.78,-0.53,-10.29,0,0,0,0
339,0,0,-0.78,-0.53,-10.29,0,0,0,0
340,0,0,-0.78,-0.53,-10.29,0,0,0,0
341,0,0,-0.78,-0.53,-10.29,0,0,0,0
342,0,0,-0.78,-0.53,-10.29,0,0,0,0
343,0,0,-0.78,-0.54,-10.29,0,0,0,0
344,0,0,-0.78,-0.54,-10.29,0,0,0,0
345,0,0,-0.78,-0.54,-10.29,0,0,0,0
346,0,0,-0.78,-0.71,-10.5,0,0,0,0
347,0,0,-0.78,-0.92,-10.65,0,0,0,0
348,0,0,-0.78,-1.14,-10.74,0,0,0,0
349,0,0,-0.78,-1.36,-10.8,0,0,0,0
350,0,0,-0.78,-1.59,-10.84,0,0,0,0
351,0,0,-0.78,-1.81,-10.9,0,0,0,0
352,0,0,-0.78,-2.03,-10.99,0,0,0,0
353,0,0,-0.78,-2.24,-11.14,0,0,0,0
354,0,0,-0.78,-2.41,-11.35,0,0,0,0
355,0,0,-0.78,-2.42,-11.35,0,0,0,0
356,0,0,-0.78,-2.42,-11.35,0,0,0,0
357,0,0,-0.78,-2.42,-11.35,0,0,0,0
358,0,0,-0.78,-2.42,-11.35,0,0,0,0
359,0,0,-0.78,-2.42,-11.35,0,0,0,0
360,0,0,-0.78,-2.42,-11.35,0,0,0,0
361,0,0,-0.78,-2.42,-11.35,0,0,0,0
362,0,0,-0.78,-2.42,-11.35,0,0,0,0
363,0,0,-0.78,-2.43,-11.37,0,0,0,0
364,0,0,-0.78,-2.43,-11.37,0,0,0,0
365,0,0,-0.78,-2.43,-11.37,0,0,0,0
366,0,0,-0.78,-2.43,-11.37,0,0,0,0
367,0,0,-0.78,-2.43,-11.37,0,0,0,0
368,0,0,-0.78,-2.43,-11.37,0,0,0,0
369,0,0,-0.78,-2.43,-11.37,0,0,0,0
370,0,0,-0.78,-2.43,-11.37,0,0,0,0
371,0,0,-0.78,-2.43,-11.37,0,0,0,0
372,0,0,-0.78,-2.95,-12.17,0,0,0,0
373,0,0,-0.78,-3.05,-12.29,0,0,0,0
374,0,0,-0.78,-3.18,-12.39,0,0,0,0
375,0,0,-0.78,-3.33,-12.47,0,0,0,0
376,0,0,-0.78,-3.49,-12.53,0,0,0,0
377,0,0,-0.78,-3.66,-12.57,0,0,0,0
378,0,0,-0.78,-3.83,-12.57,0,0,0,0
379,0,0,-0.78,-3.99,-12.56,0,0,0,0
380,0,0,-0.78,-4.15,-12.51,0,0,0,0
381,0,0,-0.78,-4.29,-12.44,0,0,0,0
382,0,0,-0.78,-4.29,-12.43,0,0,0,0
383,0,0,-0.78,-5.1,-11.87,0,0,0,0
384,0,0,-0.78,-5.92,-11.31,0,0,0,0
385,0,0,-0.78,-6.73,-10.76,0,0,0,0
386,0,0,-0.78,-7.54,-10.2,0,0,0,0
387,0,0,-0.78,-8.35,-9.64,0,0,0,0
388,0,0,-0.78,-9.16,-9.08,0,0,0,0
389,0,0,-0.78,-9.97,-8.52,0,0,0,0
390,0,0,-0.78,-10.78,-7.96,0,0,0,0
391,0,0,-0.78,-11.59,-7.4,0,0,0,0
392,0,0,-0.78,-12.4,-6.84,0,0,0,0
393,0,0,-0.78,-13.21,-6.29,0,0,0,0
394,0,0,-0.78,-14.02,-5.73,0,0,0,0
395,0,0,-0.78,-14.34,-5.49,0,0,0,0
396,0,0,-0.78,-14.42,-5.39,0,0,0,0
397,0,0,-0.78,-14.49,-5.28,0,0,0,0
398,0,0,-0.78,-14.56,-5.15,0,0,0,0
399,0,0,-0.78,-14.61,-5.01,0,0,0,0
400,0,0,-0.78,-14.65,-4.87,0,0,0,0
401,0,0,-0.78,-14.67,-4.73,0,0,0,0
402,0,0,-0.78,-14.67,-4.6,0,0,0,0
403,0,0,-0.78,-14.65,-4.48,0,0,0,0
404,0,0,-0.78,-14.65,-4.48,0,0,0,0
405,0,0,-0.78,-14.48,-3.8,0,0,0,0
406,0,0,-0.78,-14.49,-2.9,0,0,0,0
407,0,0,-0.78,-14.49,-2,0,0,0,0
408,0,0,-0.78,-14.74,-1.14,0,0,0,0
409,0,0,-0.78,-14.98,-0.28,0,0,0,0
410,0,0,-0.78,-15.42,0.46,0,0,0,0
411,0,0,-0.78,-15.48,0.59,0,0,0,0
412,0,0,-0.78,-15.53,0.75,0,0,0,0
413,0,0,-0.78,-15.56,0.93,0,0,0,0
414,0,0,-0.78,-15.58,1.12,0,0,0,0
415,0,0,-0.78,-15.58,1.31,0,0,0,0
416,0,0,-0.78,-15.57,1.5,0,0,0,0
417,0,0,-0.78,-15.54,1.67,0,0,0,0
418,0,0,-0.78,-15.5,1.83,0,0,0,0
419,0,0,-0.78,-15.44,1.96,0,0,0,0
420,0,0,-0.78,-15.38,2.07,0,0,0,0
421,0,0,-0.78,-14.84,2.87,0,0,0,0
422,0,0,-0.78,-14.29,3.66,0,0,0,0
423,0,0,-0.78,-13.75,4.46,0,0,0,0
424,0,0,-0.78,-13.2,5.26,0,0,0,0
425,0,0,-0.78,-12.66,6.05,0,0,0,0
426,0,0,-0.78,-12.1,6.18,0,0,0,0
427,0,0,-0.78,-11.54,6.3,0,0,0,0
428,0,0,-0.78,-10.91,6.52,0,0,0,0
429,0,0,-0.78,-10.28,6.74,0,0,0,0
430,0,0,-0.78,-9.7,7.02,0,0,0,0
431,0,0,-0.78,-9.12,7.3,0,0,0,0
432,0,0,-0.78,-8.57,7.63,0,0,0,0
433,0,0,-0.78,-8.02,7.95,0,0,0,0
434,0,0,-0.78,-7.49,8.34,0,0,0,0
435,0,0,-0.78,-6.96,8.72,0,0,0,0
436,0,0,-0.78,-6.49,9.15,0,0,0,0
437,0,0,-0.78,-6.01,9.58,0,0,0,0
438,0,0,-0.78,-5.92,9.66,0,0,0,0
439,0,0,-0.78,-5.81,9.73,0,0,0,0
440,0,0,-0.78,-5.68,9.78,0,0,0,0
441,0,0,-0.78,-5.54,9.81,0,0,0,0
442,0,0,-0.78,-5.4,9.82,0,0,0,0
443,0,0,-0.78,-5.26,9.82,0,0,0,0
444,0,0,-0.78,-5.13,9.79,0,0,0,0
445,0,0,-0.78,-5,9.75,0,0,0,0
446,0,0,-0.78,-4.9,9.69,0,0,0,0
447,0,0,-0.78,-4.73,9.57,0,0,0,0
448,0,0,-0.78,-3.95,9.02,0,0,0,0
449,0,0,-0.78,-3.18,8.46,0,0,0,0
450,0,0,-0.78,-2.4,7.9,0,0,0,0
451,0,0,-0.78,-1.63,7.34,0,0,0,0
452,0,0,-0.78,-0.85,6.79,0,0,0,0
453,0,0,-0.78,-0.08,6.23,0,0,0,0
454,0,0,-0.78,0.7,5.67,0,0,0,0
455,0,0,-0.78,1.47,5.12,0,0,0,0
456,0,0,-0.78,2.25,4.56,0,0,0,0
457,0,0,-0.78,3.02,4,0,0,0,0
458,0,0,-0.78,3.8,3.45,0,0,0,0
459,0,0,-0.78,4.57,2.89,0,0,0,0
460,0,0,-0.78,5.35,2.33,0,0,0,0
461,0,0,-0.78,5.46,2.23,0,0,0,0
462,0,0,-0.78,5.56,2.1,0,0,0,0
463,0,0,-0.78,5.64,1.95,0,0,0,0
464,0,0,-0.78,5.69,1.78,0,0,0,0
465,0,0,-0.78,5.72,1.61,0,0,0,0
466,0,0,-0.78,5.73,1.44,0,0,0,0
467,0,0,-0.78,5.72,1.27,0,0,0,0
468,0,0,-0.78,5.67,1.11,0,0,0,0
469,0,0,-0.78,5.6,0.98,0,0,0,0
470,0,0,-0.78,5.59,0.95,0,0,0,0
471,0,0,-0.78,5.06,0.13,0,0,0,0
472,0,0,-0.78,4.52,-0.69,0,0,0,0
473,0,0,-0.78,3.99,-1.51,0,0,0,0
474,0,0,-0.78,3.45,-2.33,0,0,0,0
475,0,0,-0.78,2.92,-3.15,0,0,0,0
476,0,0,-0.78,2.39,-3.97,0,0,0,0
477,0,0,-0.78,1.85,-4.79,0,0,0,0
478,0,0,-0.78,1.32,-5.61,0,0,0,0
479,0,0,-0.78,0.79,-6.43,0,0,0,0
480,0,0,-0.78,0.25,-7.25,0,0,0,0
481,0,0,-0.78,-0.28,-8.07,0,0,0,0
482,0,0,-0.78,-0.8,-8.87,0,0,0,0
483,0,0,-0.78,-0.8,-8.87,0,0,0,0
484,0,0,-0.78,-0.8,-8.87,0,0,0,0
485,0,0,-0.78,-0.8,-8.87,0,0,0,0
486,0,0,-0.78,-0.8,-8.87,0,0,0,0
487,0,0,-0.78,-0.8,-8.87,0,0,0,0
488,0,0,-0.78,-0.8,-8.87,0,0,0,0
489,0,0,-0.78,-0.8,-8.87,0,0,0,0
490,0,0,-0.78,-0.8,-8.87,0,0,0,0
491,0,0,-0.78,-0.82,-8.89,0,0,0,0
492,0,0,-0.78,-0.82,-8.89,0,0,0,0
493,0,0,-0.78,-0.82,-8.89,0,0,0,0
494,0,0,-0.78,-0.82,-8.89,0,0,0,0
495,0,0,-0.78,-0.82,-8.89,0,0,0,0
496,0,0,-0.78,-0.82,-8.89,0,0,0,0
497,0,0,-0.78,-0.82,-8.89,0,0,0,0
498,0,0,-0.78,-0.82,-8.89,0,0,0,0
499,0,0,-0.78,-0.82,-8.89,0,0,0,0
500,0,0,-0.78,-0.99,-9.1,0,0,0,0
501,0,0,-0.78,-1.2,-9.25,0,0,0,0
502,0,0,-0.78,-1.42,-9.34,0,0,0,0
503,0,0,-0.78,-1.64,-9.4,0,0,0,0
504,0,0,-0.78,-1.87,-9.44,0,0,0,0
505,0,0,-0.78,-2.09,-9.5,0,0,0,0
506,0,0,-0.78,-2.31,-9.59,0,0,0,0
507,0,0,-0.78,-2.52,-9.74,0,0,0,0
508,0,0,-0.78,-2.69,-9.95,0,0,0,0
509,0,0,-0.78,-2.69,-9.95,0,0,0,0
510,0,0,-0.78,-2.7,-9.95,0,0,0,0
511,0,0,-0.78,-2.7,-9.95,0,0,0,0
512,0,0,-0.78,-2.7,-9.95,0,0,0,0
513,0,0,-0.78,-2.7,-9.95,0,0,0,0
514,0,0,-0.78,-2.7,-9.95,0,0,0,0
515,0,0,-0.78,-2.7,-9.95,0,0,0,0
516,0,0,-0.78,-2.7,-9.95,0,0,0,0
517,0,0,-0.78,-2.71,-9.97,0,0,0,0
518,0,0,-0.78,-2.71,-9.97,0,0,0,0
519,0,0,-0.78,-2.71,-9.97,0,0,0,0
520,0,0,-0.78,-2.71,-9.97,0,0,0,0
521,0,0,-0.78,-2.71,-9.97,0,0,0,0
522,0,0,-0.78,-2.71,-9.97,0,0,0,0
523,0,0,-0.78,-2.71,-9.97,0,0,0,0
524,0,0,-0.78,-2.71,-9.97,0,0,0,0
525,0,0,-0.78,-2.71,-9.97,0,0,0,0
526,0,0,-0.78,-3.23,-10.77,0,0,0,0
527,0,0,-0.78,-3.35,-10.92,0,0,0,0
528,0,0,-0.78,-3.47,-11.02,0,0,0,0
529,0,0,-0.78,-3.61,-11.1,0,0,0,0
530,0,0,-0.78,-3.76,-11.15,0,0,0,0
531,0,0,-0.78,-3.93,-11.18,0,0,0,0
532,0,0,-0.78,-4.09,-11.19,0,0,0,0
533,0,0,-0.78,-4.25,-11.17,0,0,0,0
534,0,0,-0.78,-4.39,-11.13,0,0,0,0
535,0,0,-0.78,-4.53,-11.06,0,0,0,0
536,0,0,-0.78,-4.53,-11.06,0,0,0,0
537,0,0,-0.78,-5.29,-10.53,0,0,0,0
538,0,0,-0.78,-6.05,-10.01,0,0,0,0
539,0,0,-0.78,-6.82,-9.48,0,0,0,0
540,0,0,-0.78,-7.58,-8.95,0,0,0,0
541,0,0,-0.78,-8.34,-8.43,0,0,0,0
542,0,0,-0.78,-9.11,-7.9,0,0,0,0
543,0,0,-0.78,-9.87,-7.37,0,0,0,0
544,0,0,-0.78,-10.63,-6.85,0,0,0,0
545,0,0,-0.78,-11.4,-6.32,0,0,0,0
546,0,0,-0.78,-12.16,-5.79,0,0,0,0
547,0,0,-0.78,-12.92,-5.27,0,0,0,0
548,0,0,-0.78,-13.09,-5.13,0,0,0,0
549,0,0,-0.78,-13.19,-5.01,0,0,0,0
550,0,0,-0.78,-13.28,-4.87,0,0,0,0
551,0,0,-0.78,-13.36,-4.71,0,0,0,0
552,0,0,-0.78,-13.42,-4.55,0,0,0,0
553,0,0,-0.78,-13.47,-4.38,0,0,0,0
554,0,0,-0.78,-13.49,-4.21,0,0,0,0
555,0,0,-0.78,-13.5,-4.06,0,0,0,0
556,0,0,-0.78,-13.47,-3.92,0,0,0,0
557,0,0,-0.78,-13.47,-3.92,0,0,0,0
558,0,0,-0.78,-13.48,-3.23,0,0,0,0
559,0,0,-0.78,-13.49,-2.54,0,0,0,0
560,0,0,-0.78,-13.5,-1.86,0,0,0,0
561,0,0,-0.78,-13.68,-1.2,0,0,0,0
562,0,0,-0.78,-13.87,-0.54,0,0,0,0
563,0,0,-0.78,-14.05,0.12,0,0,0,0
564,0,0,-0.78,-14.39,0.69,0,0,0,0
565,0,0,-0.78,-14.44,0.79,0,0,0,0
566,0,0,-0.78,-14.47,0.91,0,0,0,0
567,0,0,-0.78,-14.49,1.04,0,0,0,0
568,0,0,-0.78,-14.5,1.18,0,0,0,0
569,0,0,-0.78,-14.49,1.32,0,0,0,0
570,0,0,-0.78,-14.48,1.46,0,0,0,0
571,0,0,-0.78,-14.45,1.59,0,0,0,0
572,0,0,-0.78,-14.41,1.71,0,0,0,0
573,0,0,-0.78,-14.35,1.8,0,0,0,0
574,0,0,-0.78,-14.19,2.04,0,0,0,0
575,0,0,-0.78,-13.66,2.82,0,0,0,0
576,0,0,-0.78,-13.12,3.6,0,0,0,0
577,0,0,-0.78,-12.59,4.38,0,0,0,0
578,0,0,-0.78,-12.05,5.16,0,0,0,0
579,0,0,-0.78,-11.27,5.34,0,0,0,0
580,0,0,-0.78,-10.58,5.58,0,0,0,0
581,0,0,-0.78,-9.9,5.82,0,0,0,0
582,0,0,-0.78,-9.27,6.12,0,0,0,0
583,0,0,-0.78,-8.64,6.42,0,0,0,0
584,0,0,-0.78,-8.06,6.77,0,0,0,0
585,0,0,-0.78,-7.47,7.12,0,0,0,0
586,0,0,-0.78,-6.9,7.53,0,0,0,0
587,0,0,-0.78,-6.33,7.94,0,0,0,0
588,0,0,-0.78,-5.86,8.37,0,0,0,0
589,0,0,-0.78,-5.77,8.44,0,0,0,0
590,0,0,-0.78,-5.66,8.49,0,0,0,0
591,0,0,-0.78,-5.55,8.52,0,0,0,0
592,0,0,-0.78,-5.43,8.54,0,0,0,0
593,0,0,-0.78,-5.3,8.55,0,0,0,0
594,0,0,-0.78,-5.17,8.54,0,0,0,0
595,0,0,-0.78,-5.06,8.52,0,0,0,0
596,0,0,-0.78,-4.95,8.48,0,0,0,0
597,0,0,-0.78,-4.85,8.43,0,0,0,0
598,0,0,-0.78,-4.6,8.25,0,0,0,0
599,0,0,-0.78,-3.82,7.69,0,0,0,0
600,0,0,-0.78,-3.04,7.13,0,0,0,0
601,0,0,-0.78,-2.26,6.57,0,0,0,0
602,0,0,-0.78,-1.48,6,0,0,0,0
603,0,0,-0.78,-0.7,5.44,0,0,0,0
604,0,0,-0.78,0.08,4.88,0,0,0,0
605,0,0,-0.78,0.86,4.32,0,0,0,0
606,0,0,-0.78,1.64,3.76,0,0,0,0
607,0,0,-0.78,2.42,3.2,0,0,0,0
608,0,0,-0.78,3.2,2.64,0,0,0,0
609,0,0,-0.78,3.98,2.08,0,0,0,0
610,0,0,-0.78,4.1,1.98,0,0,0,0
611,0,0,-0.78,4.2,1.84,0,0,0,0
612,0,0,-0.78,4.27,1.69,0,0,0,0
613,0,0,-0.78,4.33,1.53,0,0,0,0
614,0,0,-0.78,4.36,1.36,0,0,0,0
615,0,0,-0.78,4.37,1.18,0,0,0,0
616,0,0,-0.78,4.35,1.01,0,0,0,0
617,0,0,-0.78,4.31,0.86,0,0,0,0
618,0,0,-0.78,4.24,0.72,0,0,0,0
619,0,0,-0.78,4.23,0.7,0,0,0,0
620,0,0,-0.78,3.7,-0.12,0,0,0,0
621,0,0,-0.78,3.17,-0.94,0,0,0,0
622,0,0,-0.78,2.63,-1.76,0,0,0,0
623,0,0,-0.78,2.1,-2.58,0,0,0,0
624,0,0,-0.78,1.57,-3.39,0,0,0,0
625,0,0,-0.78,1.03,-4.21,0,0,0,0
626,0,0,-0.78,0.5,-5.03,0,0,0,0
627,0,0,-0.78,-0.03,-5.85,0,0,0,0
628,0,0,-0.78,-0.56,-6.67,0,0,0,0
629,0,0,-0.78,-1.09,-7.47,0,0,0,0
630,0,0,-0.78,-1.09,-7.47,0,0,0,0
631,0,0,-0.78,-1.09,-7.47,0,0,0,0
632,0,0,-0.78,-1.09,-7.47,0,0,0,0
633,0,0,-0.78,-1.09,-7.47,0,0,0,0
634,0,0,-0.78,-1.09,-7.47,0,0,0,0
635,0,0,-0.78,-1.09,-7.47,0,0,0,0
636,0,0,-0.78,-1.09,-7.47,0,0,0,0
637,0,0,-0.78,-1.09,-7.47,0,0,0,0
638,0,0,-0.78,-1.1,-7.49,0,0,0,0
639,0,0,-0.78,-1.1,-7.49,0,0,0,0
640,0,0,-0.78,-1.1,-7.49,0,0,0,0
641,0,0,-0.78,-1.1,-7.49,0,0,0,0
642,0,0,-0.78,-1.1,-7.49,0,0,0,0
643,0,0,-0.78,-1.1,-7.49,0,0,0,0
644,0,0,-0.78,-1.1,-7.49,0,0,0,0
645,0,0,-0.78,-1.1,-7.49,0,0,0,0
646,0,0,-0.78,-1.1,-7.49,0,0,0,0
647,0,0,-0.78,-1.28,-7.7,0,0,0,0
648,0,0,-0.78,-1.48,-7.84,0,0,0,0
649,0,0,-0.78,-1.7,-7.94,0,0,0,0
650,0,0,-0.78,-1.92,-7.99,0,0,0,0
651,0,0,-0.78,-2.15,-8.04,0,0,0,0
652,0,0,-0.78,-2.38,-8.1,0,0,0,0
653,0,0,-0.78,-2.59,-8.19,0,0,0,0
654,0,0,-0.78,-2.8,-8.34,0,0,0,0
655,0,0,-0.78,-2.97,-8.55,0,0,0,0
656,0,0,-0.78,-2.97,-8.55,0,0,0,0
657,0,0,-0.78,-2.98,-8.55,0,0,0,0
658,0,0,-0.78,-2.98,-8.55,0,0,0,0
659,0,0,-0.78,-2.98,-8.55,0,0,0,0
660,0,0,-0.78,-2.98,-8.54,0,0,0,0
661,0,0,-0.78,-2.98,-8.54,0,0,0,0
662,0,0,-0.78,-2.98,-8.54,0,0,0,0
663,0,0,-0.78,-2.98,-8.54,0,0,0,0
664,0,0,-0.78,-2.99,-8.56,0,0,0,0
665,0,0,-0.78,-2.99,-8.56,0,0,0,0
666,0,0,-0.78,-2.99,-8.56,0,0,0,0
667,0,0,-0.78,-2.99,-8.56,0,0,0,0
668,0,0,-0.78,-2.99,-8.56,0,0,0,0
669,0,0,-0.78,-2.99,-8.56,0,0,0,0
670,0,0,-0.78,-2.99,-8.56,0,0,0,0
671,0,0,-0.78,-2.99,-8.56,0,0,0,0
672,0,0,-0.78,-2.99,-8.56,0,0,0,0
673,0,0,-0.78,-3.51,-9.36,0,0,0,0
674,0,0,-0.78,-3.62,-9.51,0,0,0,0
675,0,0,-0.78,-3.75,-9.61,0,0,0,0
676,0,0,-0.78,-3.89,-9.68,0,0,0,0
677,0,0,-0.78,-4.04,-9.74,0,0,0,0
678,0,0,-0.78,-4.21,-9.77,0,0,0,0
679,0,0,-0.78,-4.37,-9.78,0,0,0,0
680,0,0,-0.78,-4.53,-9.76,0,0,0,0
681,0,0,-0.78,-4.68,-9.72,0,0,0,0
682,0,0,-0.78,-4.81,-9.65,0,0,0,0
683,0,0,-0.78,-4.81,-9.65,0,0,0,0
684,0,0,-0.78,-5.59,-9.11,0,0,0,0
685,0,0,-0.78,-6.36,-8.58,0,0,0,0
686,0,0,-0.78,-7.13,-8.05,0,0,0,0
687,0,0,-0.78,-7.91,-7.51,0,0,0,0
688,0,0,-0.78,-8.68,-6.98,0,0,0,0
689,0,0,-0.78,-9.45,-6.45,0,0,0,0
690,0,0,-0.78,-10.23,-5.91,0,0,0,0
691,0,0,-0.78,-11,-5.38,0,0,0,0
692,0,0,-0.78,-11.77,-4.85,0,0,0,0
693,0,0,-0.78,-12.35,-4.45,0,0,0,0
694,0,0,-0.78,-12.38,-4.41,0,0,0,0
695,0,0,-0.78,-12.41,-4.36,0,0,0,0
696,0,0,-0.78,-12.44,-4.31,0,0,0,0
697,0,0,-0.78,-12.46,-4.25,0,0,0,0
698,0,0,-0.78,-12.47,-4.19,0,0,0,0
699,0,0,-0.78,-12.48,-4.14,0,0,0,0
700,0,0,-0.78,-12.48,-4.09,0,0,0,0
701,0,0,-0.78,-12.47,-4.04,0,0,0,0
702,0,0,-0.78,-12.47,-4.04,0,0,0,0
703,0,0,-0.78,-12.48,-3.26,0,0,0,0
704,0,0,-0.78,-12.49,-2.49,0,0,0,0
705,0,0,-0.78,-12.5,-1.72,0,0,0,0
706,0,0,-0.78,-12.71,-0.97,0,0,0,0
707,0,0,-0.78,-12.92,-0.23,0,0,0,0
708,0,0,-0.78,-13.12,0.52,0,0,0,0
709,0,0,-0.78,-13.18,0.64,0,0,0,0
710,0,0,-0.78,-13.22,0.79,0,0,0,0
711,0,0,-0.78,-13.25,0.95,0,0,0,0
712,0,0,-0.78,-13.26,1.12,0,0,0,0
713,0,0,-0.78,-13.25,1.3,0,0,0,0
714,0,0,-0.78,-13.23,1.47,0,0,0,0
715,0,0,-0.78,-13.2,1.63,0,0,0,0
716,0,0,-0.78,-13.15,1.77,0,0,0,0
717,0,0,-0.78,-13.08,1.89,0,0,0,0
718,0,0,-0.78,-13.02,1.98,0,0,0,0
719,0,0,-0.78,-12.5,2.75,0,0,0,0
720,0,0,-0.78,-11.97,3.51,0,0,0,0
721,0,0,-0.78,-11.45,4.27,0,0,0,0
722,0,0,-0.78,-10.99,4.38,0,0,0,0
723,0,0,-0.78,-10.25,4.63,0,0,0,0
724,0,0,-0.78,-9.52,4.89,0,0,0,0
725,0,0,-0.78,-8.85,5.21,0,0,0,0
726,0,0,-0.78,-8.17,5.54,0,0,0,0
727,0,0,-0.78,-7.54,5.91,0,0,0,0
728,0,0,-0.78,-6.92,6.28,0,0,0,0
729,0,0,-0.78,-6.31,6.72,0,0,0,0
730,0,0,-0.78,-5.7,7.17,0,0,0,0
731,0,0,-0.78,-5.63,7.22,0,0,0,0
732,0,0,-0.78,-5.54,7.26,0,0,0,0
733,0,0,-0.78,-5.45,7.29,0,0,0,0
734,0,0,-0.78,-5.34,7.31,0,0,0,0
735,0,0,-0.78,-5.24,7.31,0,0,0,0
736,0,0,-0.78,-5.14,7.31,0,0,0,0
737,0,0,-0.78,-5.04,7.29,0,0,0,0
738,0,0,-0.78,-4.95,7.26,0,0,0,0
739,0,0,-0.78,-4.87,7.21,0,0,0,0
740,0,0,-0.78,-4.51,6.96,0,0,0,0
741,0,0,-0.78,-3.72,6.39,0,0,0,0
742,0,0,-0.78,-2.93,5.82,0,0,0,0
743,0,0,-0.78,-2.14,5.25,0,0,0,0
744,0,0,-0.78,-1.35,4.68,0,0,0,0
745,0,0,-0.78,-0.55,4.11,0,0,0,0
746,0,0,-0.78,0.24,3.54,0,0,0,0
747,0,0,-0.78,1.03,2.97,0,0,0,0
748,0,0,-0.78,1.82,2.4,0,0,0,0
749,0,0,-0.78,2.61,1.83,0,0,0,0
750,0,0,-0.78,2.73,1.73,0,0,0,0
751,0,0,-0.78,2.83,1.59,0,0,0,0
752,0,0,-0.78,2.91,1.44,0,0,0,0
753,0,0,-0.78,2.96,1.27,0,0,0,0
754,0,0,-0.78,3,1.1,0,0,0,0
755,0,0,-0.78,3.01,0.92,0,0,0,0
756,0,0,-0.78,2.99,0.75,0,0,0,0
757,0,0,-0.78,2.95,0.59,0,0,0,0
758,0,0,-0.78,2.87,0.45,0,0,0,0
759,0,0,-0.78,2.87,0.45,0,0,0,0
760,0,0,-0.78,2.34,-0.37,0,0,0,0
761,0,0,-0.78,1.81,-1.19,0,0,0,0
762,0,0,-0.78,1.28,-2,0,0,0,0
763,0,0,-0.78,0.75,-2.82,0,0,0,0
764,0,0,-0.78,0.21,-3.64,0,0,0,0
765,0,0,-0.78,-0.32,-4.46,0,0,0,0
766,0,0,-0.78,-0.85,-5.27,0,0,0,0
767,0,0,-0.78,-1.37,-6.07,0,0,0,0
768,0,0,-0.78,-1.37,-6.07,0,0,0,0
769,0,0,-0.78,-1.37,-6.07,0,0,0,0
770,0,0,-0.78,-1.37,-6.07,0,0,0,0
771,0,0,-0.78,-1.37,-6.07,0,0,0,0
772,0,0,-0.78,-1.37,-6.07,0,0,0,0
773,0,0,-0.78,-1.37,-6.07,0,0,0,0
774,0,0,-0.78,-1.37,-6.07,0,0,0,0
775,0,0,-0.78,-1.37,-6.07,0,0,0,0
776,0,0,-0.78,-1.38,-6.09,0,0,0,0
777,0,0,-0.78,-1.38,-6.09,0,0,0,0
778,0,0,-0.78,-1.38,-6.09,0,0,0,0
779,0,0,-0.78,-1.38,-6.09,0,0,0,0
780,0,0,-0.78,-1.38,-6.09,0,0,0,0
781,0,0,-0.78,-1.38,-6.09,0,0,0,0
782,0,0,-0.78,-1.38,-6.09,0,0,0,0
783,0,0,-0.78,-1.38,-6.09,0,0,0,0
784,0,0,-0.78,-1.38,-6.09,0,0,0,0
785,0,0,-0.78,-1.56,-6.3,0,0,0,0
786,0,0,-0.78,-1.76,-6.44,0,0,0,0
787,0,0,-0.78,-1.98,-6.54,0,0,0,0
788,0,0,-0.78,-2.21,-6.59,0,0,0,0
789,0,0,-0.78,-2.43,-6.64,0,0,0,0
790,0,0,-0.78,-2.66,-6.7,0,0,0,0
791,0,0,-0.78,-2.88,-6.79,0,0,0,0
792,0,0,-0.78,-3.08,-6.94,0,0,0,0
793,0,0,-0.78,-3.26,-7.14,0,0,0,0
794,0,0,-0.78,-3.26,-7.14,0,0,0,0
795,0,0,-0.78,-3.26,-7.14,0,0,0,0
796,0,0,-0.78,-3.26,-7.14,0,0,0,0
797,0,0,-0.78,-3.26,-7.14,0,0,0,0
798,0,0,-0.78,-3.26,-7.14,0,0,0,0
799,0,0,-0.78,-3.26,-7.14,0,0,0,0
800,0,0,-0.78,-3.26,-7.14,0,0,0,0
801,0,0,-0.78,-3.26,-7.14,0,0,0,0
802,0,0,-0.78,-3.27,-7.16,0,0,0,0
803,0,0,-0.78,-3.27,-7.16,0,0,0,0
804,0,0,-0.78,-3.27,-7.16,0,0,0,0
805,0,0,-0.78,-3.27,-7.16,0,0,0,0
806,0,0,-0.78,-3.27,-7.16,0,0,0,0
807,0,0,-0.78,-3.27,-7.16,0,0,0,0
808,0,0,-0.78,-3.27,-7.16,0,0,0,0
809,0,0,-0.78,-3.27,-7.16,0,0,0,0
810,0,0,-0.78,-3.27,-7.16,0,0,0,0
811,0,0,-0.78,-3.79,-7.96,0,0,0,0
812,0,0,-0.78,-3.89,-8.08,0,0,0,0
813,0,0,-0.78,-4.02,-8.18,0,0,0,0
814,0,0,-0.78,-4.16,-8.26,0,0,0,0
815,0,0,-0.78,-4.32,-8.32,0,0,0,0
816,0,0,-0.78,-4.49,-8.35,0,0,0,0
817,0,0,-0.78,-4.66,-8.36,0,0,0,0
818,0,0,-0.78,-4.82,-8.34,0,0,0,0
819,0,0,-0.78,-4.98,-8.3,0,0,0,0
820,0,0,-0.78,-5.11,-8.22,0,0,0,0
821,0,0,-0.78,-5.11,-8.22,0,0,0,0
822,0,0,-0.78,-5.91,-7.68,0,0,0,0
823,0,0,-0.78,-6.7,-7.13,0,0,0,0
824,0,0,-0.78,-7.5,-6.58,0,0,0,0
825,0,0,-0.78,-8.29,-6.03,0,0,0,0
826,0,0,-0.78,-9.09,-5.48,0,0,0,0
827,0,0,-0.78,-9.89,-4.93,0,0,0,0
828,0,0,-0.78,-10.68,-4.39,0,0,0,0
829,0,0,-0.78,-10.95,-4.19,0,0,0,0
830,0,0,-0.78,-11.05,-4.08,0,0,0,0
831,0,0,-0.78,-11.14,-3.95,0,0,0,0
832,0,0,-0.78,-11.23,-3.8,0,0,0,0
833,0,0,-0.78,-11.31,-3.65,0,0,0,0
834,0,0,-0.78,-11.38,-3.5,0,0,0,0
835,0,0,-0.78,-11.43,-3.35,0,0,0,0
836,0,0,-0.78,-11.47,-3.21,0,0,0,0
837,0,0,-0.78,-11.48,-3.08,0,0,0,0
838,0,0,-0.78,-11.48,-3.08,0,0,0,0
839,0,0,-0.78,-11.49,-2.33,0,0,0,0
840,0,0,-0.78,-11.5,-1.57,0,0,0,0
841,0,0,-0.78,-11.73,-0.74,0,0,0,0
842,0,0,-0.78,-11.96,0.08,0,0,0,0
843,0,0,-0.78,-12.2,0.91,0,0,0,0
844,0,0,-0.78,-12.22,0.96,0,0,0,0
845,0,0,-0.78,-12.23,1.02,0,0,0,0
846,0,0,-0.78,-12.24,1.08,0,0,0,0
847,0,0,-0.78,-12.25,1.14,0,0,0,0
848,0,0,-0.78,-12.25,1.21,0,0,0,0
849,0,0,-0.78,-12.24,1.27,0,0,0,0
850,0,0,-0.78,-12.22,1.34,0,0,0,0
851,0,0,-0.78,-12.21,1.39,0,0,0,0
852,0,0,-0.78,-12.18,1.44,0,0,0,0
853,0,0,-0.78,-11.85,1.91,0,0,0,0
854,0,0,-0.78,-11.35,2.65,0,0,0,0
855,0,0,-0.78,-10.85,3.38,0,0,0,0
856,0,0,-0.78,-10.71,3.41,0,0,0,0
857,0,0,-0.78,-9.92,3.69,0,0,0,0
858,0,0,-0.78,-9.14,3.97,0,0,0,0
859,0,0,-0.78,-8.42,4.31,0,0,0,0
860,0,0,-0.78,-7.7,4.65,0,0,0,0
861,0,0,-0.78,-7.03,5.05,0,0,0,0
862,0,0,-0.78,-6.37,5.44,0,0,0,0
863,0,0,-0.78,-5.81,5.85,0,0,0,0
864,0,0,-0.78,-5.71,5.91,0,0,0,0
865,0,0,-0.78,-5.59,5.95,0,0,0,0
866,0,0,-0.78,-5.46,5.98,0,0,0,0
867,0,0,-0.78,-5.32,5.99,0,0,0,0
868,0,0,-0.78,-5.18,5.99,0,0,0,0
869,0,0,-0.78,-5.04,5.98,0,0,0,0
870,0,0,-0.78,-4.91,5.95,0,0,0,0
871,0,0,-0.78,-4.79,5.91,0,0,0,0
872,0,0,-0.78,-4.69,5.85,0,0,0,0
873,0,0,-0.78,-4.44,5.67,0,0,0,0
874,0,0,-0.78,-3.63,5.09,0,0,0,0
875,0,0,-0.78,-2.82,4.51,0,0,0,0
876,0,0,-0.78,-2.01,3.92,0,0,0,0
877,0,0,-0.78,-1.2,3.34,0,0,0,0
878,0,0,-0.78,-0.39,2.76,0,0,0,0
879,0,0,-0.78,0.42,2.18,0,0,0,0
880,0,0,-0.78,1.24,1.59,0,0,0,0
881,0,0,-0.78,1.37,1.47,0,0,0,0
882,0,0,-0.78,1.47,1.34,0,0,0,0
883,0,0,-0.78,1.55,1.18,0,0,0,0
884,0,0,-0.78,1.61,1.02,0,0,0,0
885,0,0,-0.78,1.64,0.84,0,0,0,0
886,0,0,-0.78,1.65,0.67,0,0,0,0
887,0,0,-0.78,1.63,0.5,0,0,0,0
888,0,0,-0.78,1.59,0.34,0,0,0,0
889,0,0,-0.78,1.52,0.2,0,0,0,0
890,0,0,-0.78,1.52,0.2,0,0,0,0
891,0,0,-0.78,0.99,-0.62,0,0,0,0
892,0,0,-0.78,0.46,-1.44,0,0,0,0
893,0,0,-0.78,-0.07,-2.25,0,0,0,0
894,0,0,-0.78,-0.61,-3.07,0,0,0,0
895,0,0,-0.78,-1.14,-3.88,0,0,0,0
896,0,0,-0.78,-1.65,-4.67,0,0,0,0
897,0,0,-0.78,-1.65,-4.67,0,0,0,0
898,0,0,-0.78,-1.65,-4.67,0,0,0,0
899,0,0,-0.78,-1.65,-4.67,0,0,0,0
900,0,0,-0.78,-1.65,-4.67,0,0,0,0
901,0,0,-0.78,-1.65,-4.67,0,0,0,0
902,0,0,-0.78,-1.65,-4.67,0,0,0,0
903,0,0,-0.78,-1.65,-4.67,0,0,0,0
904,0,0,-0.78,-1.65,-4.67,0,0,0,0
905,0,0,-0.78,-1.67,-4.7,0,0,0,0
906,0,0,-0.78,-1.67,-4.7,0,0,0,0
907,0,0,-0.78,-1.67,-4.69,0,0,0,0
908,0,0,-0.78,-1.67,-4.69,0,0,0,0
909,0,0,-0.78,-1.67,-4.69,0,0,0,0
910,0,0,-0.78,-1.67,-4.69,0,0,0,0
911,0,0,-0.78,-1.67,-4.69,0,0,0,0
912,0,0,-0.78,-1.67,-4.69,0,0,0,0
913,0,0,-0.78,-1.67,-4.69,0,0,0,0
914,0,0,-0.78,-1.84,-4.9,0,0,0,0
915,0,0,-0.78,-2.05,-5.05,0,0,0,0
916,0,0,-0.78,-2.27,-5.14,0,0,0,0
917,0,0,-0.78,-2.49,-5.2,0,0,0,0
918,0,0,-0.78,-2.72,-5.24,0,0,0,0
919,0,0,-0.78,-2.94,-5.3,0,0,0,0
920,0,0,-0.78,-3.16,-5.39,0,0,0,0
921,0,0,-0.78,-3.37,-5.54,0,0,0,0
922,0,0,-0.78,-3.54,-5.74,0,0,0,0
923,0,0,-0.78,-3.54,-5.74,0,0,0,0
924,0,0,-0.78,-3.54,-5.74,0,0,0,0
925,0,0,-0.78,-3.54,-5.74,0,0,0,0
926,0,0,-0.78,-3.54,-5.74,0,0,0,0
927,0,0,-0.78,-3.54,-5.74,0,0,0,0
928,0,0,-0.78,-3.54,-5.74,0,0,0,0
929,0,0,-0.78,-3.54,-5.74,0,0,0,0
930,0,0,-0.78,-3.54,-5.74,0,0,0,0
931,0,0,-0.78,-3.56,-5.77,0,0,0,0
932,0,0,-0.78,-3.56,-5.77,0,0,0,0
933,0,0,-0.78,-3.56,-5.77,0,0,0,0
934,0,0,-0.78,-3.56,-5.77,0,0,0,0
935,0,0,-0.78,-3.56,-5.77,0,0,0,0
936,0,0,-0.78,-3.56,-5.77,0,0,0,0
937,0,0,-0.78,-3.56,-5.77,0,0,0,0
938,0,0,-0.78,-3.56,-5.77,0,0,0,0
939,0,0,-0.78,-3.56,-5.77,0,0,0,0
940,0,0,-0.78,-4.07,-6.55,0,0,0,0
941,0,0,-0.78,-4.2,-6.73,0,0,0,0
942,0,0,-0.78,-4.32,-6.82,0,0,0,0
943,0,0,-0.78,-4.45,-6.89,0,0,0,0
944,0,0,-0.78,-4.6,-6.95,0,0,0,0
945,0,0,-0.78,-4.75,-6.98,0,0,0,0
946,0,0,-0.78,-4.91,-6.98,0,0,0,0
947,0,0,-0.78,-5.06,-6.97,0,0,0,0
948,0,0,-0.78,-5.2,-6.93,0,0,0,0
949,0,0,-0.78,-5.33,-6.86,0,0,0,0
950,0,0,-0.78,-5.33,-6.86,0,0,0,0
951,0,0,-0.78,-6.07,-6.35,0,0,0,0
952,0,0,-0.78,-6.8,-5.84,0,0,0,0
953,0,0,-0.78,-7.54,-5.34,0,0,0,0
954,0,0,-0.78,-8.27,-4.83,0,0,0,0
955,0,0,-0.78,-9.01,-4.32,0,0,0,0
956,0,0,-0.78,-9.75,-3.82,0,0,0,0
957,0,0,-0.78,-9.86,-3.72,0,0,0,0
958,0,0,-0.78,-9.97,-3.59,0,0,0,0
959,0,0,-0.78,-10.08,-3.44,0,0,0,0
960,0,0,-0.78,-10.19,-3.27,0,0,0,0
961,0,0,-0.78,-10.29,-3.09,0,0,0,0
962,0,0,-0.78,-10.37,-2.91,0,0,0,0
963,0,0,-0.78,-10.43,-2.73,0,0,0,0
964,0,0,-0.78,-10.47,-2.56,0,0,0,0
965,0,0,-0.78,-10.49,-2.41,0,0,0,0
966,0,0,-0.78,-10.49,-2.37,0,0,0,0
967,0,0,-0.78,-10.5,-1.43,0,0,0,0
968,0,0,-0.78,-10.74,-0.59,0,0,0,0
969,0,0,-0.78,-10.97,0.25,0,0,0,0
970,0,0,-0.78,-11,0.39,0,0,0,0
971,0,0,-0.78,-11.01,0.56,0,0,0,0
972,0,0,-0.78,-11,0.75,0,0,0,0
973,0,0,-0.78,-10.98,0.95,0,0,0,0
974,0,0,-0.78,-10.95,1.15,0,0,0,0
975,0,0,-0.78,-10.9,1.34,0,0,0,0
976,0,0,-0.78,-10.85,1.52,0,0,0,0
977,0,0,-0.78,-10.78,1.68,0,0,0,0
978,0,0,-0.78,-10.72,1.81,0,0,0,0
979,0,0,-0.78,-10.72,1.81,0,0,0,0
980,0,0,-0.78,-10.22,2.52,0,0,0,0
981,0,0,-0.78,-9.49,2.78,0,0,0,0
982,0,0,-0.78,-8.75,3.04,0,0,0,0
983,0,0,-0.78,-7.99,3.4,0,0,0,0
984,0,0,-0.78,-7.23,3.77,0,0,0,0
985,0,0,-0.78,-6.52,4.19,0,0,0,0
986,0,0,-0.78,-5.82,4.61,0,0,0,0
987,0,0,-0.78,-5.71,4.67,0,0,0,0
988,0,0,-0.78,-5.59,4.71,0,0,0,0
989,0,0,-0.78,-5.46,4.74,0,0,0,0
990,0,0,-0.78,-5.32,4.76,0,0,0,0
991,0,0,-0.78,-5.18,4.76,0,0,0,0
992,0,0,-0.78,-5.03,4.74,0,0,0,0
993,0,0,-0.78,-4.9,4.71,0,0,0,0
994,0,0,-0.78,-4.78,4.67,0,0,0,0
995,0,0,-0.78,-4.68,4.61,0,0,0,0
996,0,0,-0.78,-4.51,4.49,0,0,0,0
997,0,0,-0.78,-3.76,3.95,0,0,0,0
998,0,0,-0.78,-3.02,3.42,0,0,0,0
999,0,0,-0.78,-2.28,2.89,0,0,0,0
1000,0,0,-0.78,-1.54,2.35,0,0,0,0
1001,0,0,-0.78,-0.8,1.82,0,0,0,0
1002,0,0,-0.78,-0.05,1.29,0,0,0,0
1003,0,0,-0.78,0.06,1.19,0,0,0,0
1004,0,0,-0.78,0.15,1.06,0,0,0,0
1005,0,0,-0.78,0.22,0.92,0,0,0,0
1006,0,0,-0.78,0.27,0.76,0,0,0,0
1007,0,0,-0.78,0.31,0.6,0,0,0,0
1008,0,0,-0.78,0.31,0.43,0,0,0,0
1009,0,0,-0.78,0.3,0.27,0,0,0,0
1010,0,0,-0.78,0.26,0.12,0,0,0,0
1011,0,0,-0.78,0.19,-0.01,0,0,0,0
1012,0,0,-0.78,0.16,-0.06,0,0,0,0
1013,0,0,-0.78,-0.37,-0.87,0,0,0,0
1014,0,0,-0.78,-0.9,-1.68,0,0,0,0
1015,0,0,-0.78,-1.43,-2.49,0,0,0,0
1016,0,0,-0.78,-1.94,-3.28,0,0,0,0
1017,0,0,-0.78,-1.94,-3.28,0,0,0,0
1018,0,0,-0.78,-1.94,-3.28,0,0,0,0
1019,0,0,-0.78,-1.94,-3.28,0,0,0,0
1020,0,0,-0.78,-1.94,-3.28,0,0,0,0
1021,0,0,-0.78,-1.94,-3.28,0,0,0,0
1022,0,0,-0.78,-1.94,-3.28,0,0,0,0
1023,0,0,-0.78,-1.94,-3.28,0,0,0,0
1024,0,0,-0.78,-1.94,-3.28,0,0,0,0
1025,0,0,-0.78,-1.95,-3.3,0,0,0,0
1026,0,0,-0.78,-1.95,-3.3,0,0,0,0
1027,0,0,-0.78,-1.95,-3.3,0,0,0,0
1028,0,0,-0.78,-1.95,-3.3,0,0,0,0
1029,0,0,-0.78,-1.96,-3.3,0,0,0,0
1030,0,0,-0.78,-1.96,-3.3,0,0,0,0
1031,0,0,-0.78,-1.96,-3.3,0,0,0,0
1032,0,0,-0.78,-1.96,-3.3,0,0,0,0
1033,0,0,-0.78,-1.96,-3.3,0,0,0,0
1034,0,0,-0.78,-2.13,-3.51,0,0,0,0
1035,0,0,-0.78,-2.33,-3.65,0,0,0,0
1036,0,0,-0.78,-2.55,-3.75,0,0,0,0
1037,0,0,-0.78,-2.78,-3.8,0,0,0,0
1038,0,0,-0.78,-3,-3.85,0,0,0,0
1039,0,0,-0.78,-3.23,-3.91,0,0,0,0
1040,0,0,-0.78,-3.45,-4,0,0,0,0
1041,0,0,-0.78,-3.65,-4.15,0,0,0,0
1042,0,0,-0.78,-3.82,-4.35,0,0,0,0
1043,0,0,-0.78,-3.82,-4.35,0,0,0,0
1044,0,0,-0.78,-3.82,-4.35,0,0,0,0
1045,0,0,-0.78,-3.82,-4.35,0,0,0,0
1046,0,0,-0.78,-3.82,-4.35,0,0,0,0
1047,0,0,-0.78,-3.82,-4.35,0,0,0,0
1048,0,0,-0.78,-3.82,-4.35,0,0,0,0
1049,0,0,-0.78,-3.82,-4.35,0,0,0,0
1050,0,0,-0.78,-3.82,-4.34,0,0,0,0
1051,0,0,-0.78,-3.84,-4.38,0,0,0,0
1052,0,0,-0.78,-3.84,-4.38,0,0,0,0
1053,0,0,-0.78,-3.84,-4.38,0,0,0,0
1054,0,0,-0.78,-3.84,-4.38,0,0,0,0
1055,0,0,-0.78,-3.84,-4.38,0,0,0,0
1056,0,0,-0.78,-3.84,-4.38,0,0,0,0
1057,0,0,-0.78,-3.84,-4.38,0,0,0,0
1058,0,0,-0.78,-3.84,-4.38,0,0,0,0
1059,0,0,-0.78,-3.84,-4.38,0,0,0,0
1060,0,0,-0.78,-4.35,-5.15,0,0,0,0
1061,0,0,-0.78,-4.46,-5.29,0,0,0,0
1062,0,0,-0.78,-4.58,-5.39,0,0,0,0
1063,0,0,-0.78,-4.72,-5.47,0,0,0,0
1064,0,0,-0.78,-4.88,-5.52,0,0,0,0
1065,0,0,-0.78,-5.04,-5.55,0,0,0,0
1066,0,0,-0.78,-5.2,-5.56,0,0,0,0
1067,0,0,-0.78,-5.36,-5.54,0,0,0,0
1068,0,0,-0.78,-5.51,-5.5,0,0,0,0
1069,0,0,-0.78,-5.64,-5.43,0,0,0,0
1070,0,0,-0.78,-5.64,-5.43,0,0,0,0
1071,0,0,-0.78,-6.41,-4.9,0,0,0,0
1072,0,0,-0.78,-7.18,-4.37,0,0,0,0
1073,0,0,-0.78,-7.95,-3.84,0,0,0,0
1074,0,0,-0.78,-8.72,-3.31,0,0,0,0
1075,0,0,-0.78,-8.97,-3.12,0,0,0,0
1076,0,0,-0.78,-9.06,-3.02,0,0,0,0
1077,0,0,-0.78,-9.16,-2.89,0,0,0,0
1078,0,0,-0.78,-9.24,-2.75,0,0,0,0
1079,0,0,-0.78,-9.32,-2.6,0,0,0,0
1080,0,0,-0.78,-9.39,-2.44,0,0,0,0
1081,0,0,-0.78,-9.45,-2.29,0,0,0,0
1082,0,0,-0.78,-9.48,-2.16,0,0,0,0
1083,0,0,-0.78,-9.49,-2.03,0,0,0,0
1084,0,0,-0.78,-9.49,-2.03,0,0,0,0
1085,0,0,-0.78,-9.5,-1.29,0,0,0,0
1086,0,0,-0.78,-9.71,-0.56,0,0,0,0
1087,0,0,-0.78,-9.91,0.18,0,0,0,0
1088,0,0,-0.78,-9.94,0.3,0,0,0,0
1089,0,0,-0.78,-9.94,0.45,0,0,0,0
1090,0,0,-0.78,-9.94,0.61,0,0,0,0
1091,0,0,-0.78,-9.92,0.78,0,0,0,0
1092,0,0,-0.78,-9.89,0.96,0,0,0,0
1093,0,0,-0.78,-9.85,1.13,0,0,0,0
1094,0,0,-0.78,-9.8,1.29,0,0,0,0
1095,0,0,-0.78,-9.75,1.43,0,0,0,0
1096,0,0,-0.78,-9.69,1.54,0,0,0,0
1097,0,0,-0.78,-9.58,1.69,0,0,0,0
1098,0,0,-0.78,-8.98,1.9,0,0,0,0
1099,0,0,-0.78,-8.37,2.11,0,0,0,0
1100,0,0,-0.78,-7.56,2.5,0,0,0,0
1101,0,0,-0.78,-6.76,2.89,0,0,0,0
1102,0,0,-0.78,-6.01,3.33,0,0,0,0
1103,0,0,-0.78,-5.88,3.39,0,0,0,0
1104,0,0,-0.78,-5.72,3.43,0,0,0,0
1105,0,0,-0.78,-5.55,3.46,0,0,0,0
1106,0,0,-0.78,-5.37,3.47,0,0,0,0
1107,0,0,-0.78,-5.18,3.47,0,0,0,0
1108,0,0,-0.78,-5,3.44,0,0,0,0
1109,0,0,-0.78,-4.83,3.41,0,0,0,0
1110,0,0,-0.78,-4.67,3.35,0,0,0,0
1111,0,0,-0.78,-4.55,3.28,0,0,0,0
1112,0,0,-0.78,-4.48,3.24,0,0,0,0
1113,0,0,-0.78,-3.72,2.69,0,0,0,0
1114,0,0,-0.78,-2.96,2.14,0,0,0,0
1115,0,0,-0.78,-2.2,1.6,0,0,0,0
1116,0,0,-0.78,-1.43,1.05,0,0,0,0
1117,0,0,-0.78,-1.32,0.95,0,0,0,0
1118,0,0,-0.78,-1.22,0.82,0,0,0,0
1119,0,0,-0.78,-1.15,0.67,0,0,0,0
1120,0,0,-0.78,-1.1,0.51,0,0,0,0
1121,0,0,-0.78,-1.06,0.34,0,0,0,0
1122,0,0,-0.78,-1.06,0.17,0,0,0,0
1123,0,0,-0.78,-1.07,0.01,0,0,0,0
1124,0,0,-0.78,-1.11,-0.15,0,0,0,0
1125,0,0,-0.78,-1.18,-0.29,0,0,0,0
1126,0,0,-0.78,-1.2,-0.31,0,0,0,0
1127,0,0,-0.78,-1.72,-1.11,0,0,0,0
1128,0,0,-0.78,-2.23,-1.89,0,0,0,0
1129,0,0,-0.78,-2.23,-1.89,0,0,0,0
1130,0,0,-0.78,-2.23,-1.89,0,0,0,0
1131,0,0,-0.78,-2.23,-1.89,0,0,0,0
1132,0,0,-0.78,-2.23,-1.89,0,0,0,0
1133,0,0,-0.78,-2.23,-1.89,0,0,0,0
1134,0,0,-0.78,-2.23,-1.89,0,0,0,0
1135,0,0,-0.78,-2.23,-1.89,0,0,0,0
1136,0,0,-0.78,-2.23,-1.89,0,0,0,0
1137,0,0,-0.78,-2.25,-1.92,0,0,0,0
1138,0,0,-0.78,-2.25,-1.92,0,0,0,0
1139,0,0,-0.78,-2.25,-1.92,0,0,0,0
1140,0,0,-0.78,-2.25,-1.92,0,0,0,0
1141,0,0,-0.78,-2.25,-1.92,0,0,0,0
1142,0,0,-0.78,-2.25,-1.92,0,0,0,0
1143,0,0,-0.78,-2.25,-1.92,0,0,0,0
1144,0,0,-0.78,-2.25,-1.92,0,0,0,0
1145,0,0,-0.78,-2.25,-1.92,0,0,0,0
1146,0,0,-0.78,-2.42,-2.12,0,0,0,0
1147,0,0,-0.78,-2.62,-2.27,0,0,0,0
1148,0,0,-0.78,-2.84,-2.36,0,0,0,0
1149,0,0,-0.78,-3.07,-2.42,0,0,0,0
1150,0,0,-0.78,-3.3,-2.47,0,0,0,0
1151,0,0,-0.78,-3.52,-2.52,0,0,0,0
1152,0,0,-0.78,-3.74,-2.62,0,0,0,0
1153,0,0,-0.78,-3.95,-2.76,0,0,0,0
1154,0,0,-0.78,-4.11,-2.96,0,0,0,0
1155,0,0,-0.78,-4.11,-2.96,0,0,0,0
1156,0,0,-0.78,-4.11,-2.96,0,0,0,0
1157,0,0,-0.78,-4.11,-2.96,0,0,0,0
1158,0,0,-0.78,-4.11,-2.96,0,0,0,0
1159,0,0,-0.78,-4.11,-2.96,0,0,0,0
1160,0,0,-0.78,-4.11,-2.96,0,0,0,0
1161,0,0,-0.78,-4.11,-2.95,0,0,0,0
1162,0,0,-0.78,-4.11,-2.95,0,0,0,0
1163,0,0,-0.78,-4.14,-2.99,0,0,0,0
1164,0,0,-0.78,-4.14,-2.99,0,0,0,0
1165,0,0,-0.78,-4.14,-2.99,0,0,0,0
1166,0,0,-0.78,-4.14,-2.99,0,0,0,0
1167,0,0,-0.78,-4.14,-2.99,0,0,0,0
1168,0,0,-0.78,-4.14,-2.99,0,0,0,0
1169,0,0,-0.78,-4.14,-2.99,0,0,0,0
1170,0,0,-0.78,-4.14,-2.99,0,0,0,0
1171,0,0,-0.78,-4.14,-2.99,0,0,0,0
1172,0,0,-0.78,-4.63,-3.75,0,0,0,0
1173,0,0,-0.78,-4.79,-3.97,0,0,0,0
1174,0,0,-0.78,-4.9,-4.06,0,0,0,0
1175,0,0,-0.78,-5.02,-4.12,0,0,0,0
1176,0,0,-0.78,-5.15,-4.17,0,0,0,0
1177,0,0,-0.78,-5.29,-4.2,0,0,0,0
1178,0,0,-0.78,-5.44,-4.21,0,0,0,0
1179,0,0,-0.78,-5.57,-4.19,0,0,0,0
1180,0,0,-0.78,-5.7,-4.15,0,0,0,0
1181,0,0,-0.78,-5.82,-4.09,0,0,0,0
1182,0,0,-0.78,-5.82,-4.09,0,0,0,0
1183,0,0,-0.78,-6.49,-3.63,0,0,0,0
1184,0,0,-0.78,-7.16,-3.17,0,0,0,0
1185,0,0,-0.78,-7.82,-2.71,0,0,0,0
1186,0,0,-0.78,-8.11,-2.51,0,0,0,0
1187,0,0,-0.78,-8.18,-2.43,0,0,0,0
1188,0,0,-0.78,-8.25,-2.33,0,0,0,0
1189,0,0,-0.78,-8.31,-2.23,0,0,0,0
1190,0,0,-0.78,-8.37,-2.12,0,0,0,0
1191,0,0,-0.78,-8.42,-2,0,0,0,0
1192,0,0,-0.78,-8.46,-1.89,0,0,0,0
1193,0,0,-0.78,-8.49,-1.79,0,0,0,0
1194,0,0,-0.78,-8.5,-1.7,0,0,0,0
1195,0,0,-0.78,-8.5,-1.7,0,0,0,0
1196,0,0,-0.78,-8.5,-1.14,0,0,0,0
1197,0,0,-0.78,-8.77,-0.21,0,0,0,0
1198,0,0,-0.78,-8.99,0.61,0,0,0,0
1199,0,0,-0.78,-8.99,0.64,0,0,0,0
1200,0,0,-0.78,-8.99,0.67,0,0,0,0
1201,0,0,-0.78,-8.99,0.7,0,0,0,0
1202,0,0,-0.78,-8.98,0.74,0,0,0,0
1203,0,0,-0.78,-8.98,0.77,0,0,0,0
1204,0,0,-0.78,-8.97,0.81,0,0,0,0
1205,0,0,-0.78,-8.96,0.83,0,0,0,0
1206,0,0,-0.78,-8.94,0.85,0,0,0,0
1207,0,0,-0.78,-8.94,0.85,0,0,0,0
1208,0,0,-0.78,-8.47,1.02,0,0,0,0
1209,0,0,-0.78,-7.99,1.19,0,0,0,0
1210,0,0,-0.78,-7.14,1.6,0,0,0,0
1211,0,0,-0.78,-6.29,2,0,0,0,0
1212,0,0,-0.78,-5.79,2.3,0,0,0,0
1213,0,0,-0.78,-5.7,2.34,0,0,0,0
1214,0,0,-0.78,-5.6,2.37,0,0,0,0
1215,0,0,-0.78,-5.49,2.38,0,0,0,0
1216,0,0,-0.78,-5.36,2.39,0,0,0,0
1217,0,0,-0.78,-5.24,2.38,0,0,0,0
1218,0,0,-0.78,-5.12,2.37,0,0,0,0
1219,0,0,-0.78,-5.01,2.34,0,0,0,0
1220,0,0,-0.78,-4.91,2.3,0,0,0,0
1221,0,0,-0.78,-4.83,2.25,0,0,0,0
1222,0,0,-0.78,-4.64,2.12,0,0,0,0
1223,0,0,-0.78,-3.99,1.65,0,0,0,0
1224,0,0,-0.78,-3.34,1.18,0,0,0,0
1225,0,0,-0.78,-2.68,0.71,0,0,0,0
1226,0,0,-0.78,-2.59,0.63,0,0,0,0
1227,0,0,-0.78,-2.5,0.52,0,0,0,0
1228,0,0,-0.78,-2.44,0.39,0,0,0,0
1229,0,0,-0.78,-2.39,0.25,0,0,0,0
1230,0,0,-0.78,-2.37,0.11,0,0,0,0
1231,0,0,-0.78,-2.36,-0.04,0,0,0,0
1232,0,0,-0.78,-2.37,-0.18,0,0,0,0
1233,0,0,-0.78,-2.41,-0.31,0,0,0,0
1234,0,0,-0.78,-2.47,-0.43,0,0,0,0
1235,0,0,-0.78,-2.53,-0.52,0,0,0,0
1236,0,0,-0.78,-2.53,-0.52,0,0,0,0
1237,0,0,-0.78,-2.53,-0.52,0,0,0,0
1238,0,0,-0.78,-2.53,-0.52,0,0,0,0
1239,0,0,-0.78,-2.53,-0.52,0,0,0,0
1240,0,0,-0.78,-2.53,-0.52,0,0,0,0
1241,0,0,-0.78,-2.53,-0.52,0,0,0,0
1242,0,0,-0.78,-2.53,-0.52,0,0,0,0
1243,0,0,-0.78,-2.53,-0.52,0,0,0,0
1244,0,0,-0.78,-2.55,-0.55,0,0,0,0
1245,0,0,-0.78,-2.55,-0.55,0,0,0,0
1246,0,0,-0.78,-2.55,-0.55,0,0,0,0
1247,0,0,-0.78,-2.55,-0.55,0,0,0,0
1248,0,0,-0.78,-2.55,-0.55,0,0,0,0
1249,0,0,-0.78,-2.55,-0.55,0,0,0,0
1250,0,0,-0.78,-2.55,-0.55,0,0,0,0
1251,0,0,-0.78,-2.55,-0.55,0,0,0,0
1252,0,0,-0.78,-2.55,-0.55,0,0,0,0
1253,0,0,-0.78,-2.72,-0.75,0,0,0,0
1254,0,0,-0.78,-2.92,-0.9,0,0,0,0
1255,0,0,-0.78,-3.14,-0.99,0,0,0,0
1256,0,0,-0.78,-3.37,-1.05,0,0,0,0
1257,0,0,-0.78,-3.6,-1.1,0,0,0,0
1258,0,0,-0.78,-3.83,-1.16,0,0,0,0
1259,0,0,-0.78,-4.05,-1.25,0,0,0,0
1260,0,0,-0.78,-4.25,-1.4,0,0,0,0
1261,0,0,-0.78,-4.4,-1.58,0,0,0,0
1262,0,0,-0.78,-4.41,-1.58,0,0,0,0
1263,0,0,-0.78,-4.41,-1.58,0,0,0,0
1264,0,0,-0.78,-4.41,-1.58,0,0,0,0
1265,0,0,-0.78,-4.41,-1.58,0,0,0,0
1266,0,0,-0.78,-4.41,-1.58,0,0,0,0
1267,0,0,-0.78,-4.41,-1.58,0,0,0,0
1268,0,0,-0.78,-4.41,-1.58,0,0,0,0
1269,0,0,-0.78,-4.41,-1.58,0,0,0,0
1270,0,0,-0.78,-4.44,-1.63,0,0,0,0
1271,0,0,-0.78,-4.44,-1.63,0,0,0,0
1272,0,0,-0.78,-4.44,-1.63,0,0,0,0
1273,0,0,-0.78,-4.44,-1.63,0,0,0,0
1274,0,0,-0.78,-4.44,-1.63,0,0,0,0
1275,0,0,-0.78,-4.44,-1.63,0,0,0,0
1276,0,0,-0.78,-4.44,-1.63,0,0,0,0
1277,0,0,-0.78,-4.44,-1.63,0,0,0,0
1278,0,0,-0.78,-4.44,-1.63,0,0,0,0
1279,0,0,-0.78,-4.92,-2.36,0,0,0,0
1280,0,0,-0.78,-5.06,-2.55,0,0,0,0
1281,0,0,-0.78,-5.17,-2.64,0,0,0,0
1282,0,0,-0.78,-5.29,-2.71,0,0,0,0
1283,0,0,-0.78,-5.43,-2.75,0,0,0,0
1284,0,0,-0.78,-5.58,-2.78,0,0,0,0
1285,0,0,-0.78,-5.72,-2.79,0,0,0,0
1286,0,0,-0.78,-5.87,-2.77,0,0,0,0
1287,0,0,-0.78,-6,-2.74,0,0,0,0
1288,0,0,-0.78,-6.12,-2.67,0,0,0,0
1289,0,0,-0.78,-6.12,-2.67,0,0,0,0
1290,0,0,-0.78,-6.81,-2.2,0,0,0,0
1291,0,0,-0.78,-6.99,-2.05,0,0,0,0
1292,0,0,-0.78,-7.09,-1.95,0,0,0,0
1293,0,0,-0.78,-7.18,-1.83,0,0,0,0
1294,0,0,-0.78,-7.26,-1.69,0,0,0,0
1295,0,0,-0.78,-7.34,-1.55,0,0,0,0
1296,0,0,-0.78,-7.41,-1.4,0,0,0,0
1297,0,0,-0.78,-7.46,-1.25,0,0,0,0
1298,0,0,-0.78,-7.49,-1.12,0,0,0,0
1299,0,0,-0.78,-7.5,-1,0,0,0,0
1300,0,0,-0.78,-7.5,-1,0,0,0,0
1301,0,0,-0.78,-7.67,-0.41,0,0,0,0
1302,0,0,-0.78,-7.78,-0.01,0,0,0,0
1303,0,0,-0.78,-7.78,0.03,0,0,0,0
1304,0,0,-0.78,-7.77,0.07,0,0,0,0
1305,0,0,-0.78,-7.75,0.11,0,0,0,0
1306,0,0,-0.78,-7.73,0.15,0,0,0,0
1307,0,0,-0.78,-7.71,0.19,0,0,0,0
1308,0,0,-0.78,-7.68,0.22,0,0,0,0
1309,0,0,-0.78,-7.64,0.25,0,0,0,0
1310,0,0,-0.78,-7.61,0.26,0,0,0,0
1311,0,0,-0.78,-7.61,0.26,0,0,0,0
1312,0,0,-0.78,-6.71,0.69,0,0,0,0
1313,0,0,-0.78,-5.81,1.12,0,0,0,0
1314,0,0,-0.78,-5.73,1.16,0,0,0,0
1315,0,0,-0.78,-5.63,1.19,0,0,0,0
1316,0,0,-0.78,-5.53,1.2,0,0,0,0
1317,0,0,-0.78,-5.41,1.21,0,0,0,0
1318,0,0,-0.78,-5.3,1.2,0,0,0,0
1319,0,0,-0.78,-5.18,1.19,0,0,0,0
1320,0,0,-0.78,-5.08,1.16,0,0,0,0
1321,0,0,-0.78,-4.98,1.13,0,0,0,0
1322,0,0,-0.78,-4.91,1.08,0,0,0,0
1323,0,0,-0.78,-4.69,0.93,0,0,0,0
1324,0,0,-0.78,-4.04,0.46,0,0,0,0
1325,0,0,-0.78,-3.39,-0.01,0,0,0,0
1326,0,0,-1.23,-14.35,8.89,0,0,0,0
1327,0,0,-1.2,-13.35,8.97,0,0,0,0
1328,0,0,-1.17,-12.37,9.19,0,0,0,0
1329,0,0,-1.14,-11.43,9.52,0,0,0,0
1330,0,0,-1.11,-10.53,9.95,0,0,0,0
1331,0,0,-1.08,-9.67,10.46,0,0,0,0
1332,0,0,-1.05,-8.86,11.05,0,0,0,0
1333,0,0,-1.02,-8.12,11.72,0,0,0,0
1334,0,0,-0.99,-7.44,12.45,0,0,0,0
1335,0,0,-0.97,-6.83,13.24,0,0,0,0
1336,0,0,-0.94,-6.18,14.31,0,0,0,0
1337,0,0,-0.71,10.2,2.54,0,0,0,0
1338,0,0,-0.97,-2.65,-17.21,0,0,0,0
1339,0,0,-1.1,-18.88,-6.02,0,0,0,0
1340,0,0,-1.11,-18.22,-5.27,0,0,0,0
1341,0,0,-1.14,-17.73,-4.4,0,0,0,0
1342,0,0,-1.16,-17.48,-3.43,0,0,0,0
1343,0,0,-1.19,-17.49,-2.43,0,0,0,0
1344,0,0,-1.21,-17.76,-1.47,0,0,0,0
1345,0,0,-1.24,-18.27,-0.61,0,0,0,0
1346,0,0,-1.26,-18.96,0.12,0,0,0,0
1347,0,0,-0.85,-19.9,0.78,0,0,0,0
1348,0,0,-1.23,-14.35,8.89,0,0,0,0
